ts,temperature,ta_avg,ta_max,ta_min
2024-01-01 00:00:00,-1.5,-1.3,-1.1,-1.5
2024-01-01 01:00:00,-1.6,-1.7,-1.4,-1.9
2024-01-01 02:00:00,-1.1,-1.6,-1.1,-1.9
2024-01-01 03:00:00,-0.6,-0.8,-0.5,-1.2
2024-01-01 04:00:00,-0.2,-0.6,-0.2,-0.9
2024-01-01 05:00:00,-0.2,-0.2,-0.1,-0.3
2024-01-01 06:00:00,-0.3,-0.2,-0.1,-0.3
2024-01-01 07:00:00,-0.7,-0.4,-0.3,-0.7
2024-01-01 08:00:00,-0.7,-0.9,-0.6,-1.2
2024-01-01 09:00:00,-0.5,-0.8,-0.5,-1.1
2024-01-01 10:00:00,1.1,0.2,1.1,-0.5
2024-01-01 11:00:00,3.1,2.0,3.1,1.2
2024-01-01 12:00:00,4.4,3.9,4.4,3.2
2024-01-01 13:00:00,4.8,4.5,4.8,4.2
2024-01-01 14:00:00,5.5,5.3,5.9,4.7
2024-01-01 15:00:00,5.8,5.6,5.9,5.4
2024-01-01 16:00:00,5.2,5.4,5.8,5.2
2024-01-01 17:00:00,4.9,5.1,5.3,4.9
2024-01-01 18:00:00,4.0,4.5,4.8,4.0
2024-01-01 19:00:00,2.7,3.0,4.1,2.4
2024-01-01 20:00:00,2.9,2.8,3.1,2.6
2024-01-01 21:00:00,2.9,2.8,3.2,2.6
2024-01-01 22:00:00,2.9,2.9,3.2,2.8
2024-01-01 23:00:00,3.2,2.9,3.2,2.7
2024-01-02 00:00:00,2.9,3.0,3.4,2.9
2024-01-02 01:00:00,2.6,2.9,3.2,2.6
2024-01-02 02:00:00,2.4,2.4,2.6,2.3
2024-01-02 03:00:00,2.4,2.4,2.6,2.3
2024-01-02 04:00:00,2.1,2.3,2.6,2.1
2024-01-02 05:00:00,1.2,1.6,2.1,1.2
2024-01-02 06:00:00,0.9,1.0,1.5,0.7
2024-01-02 07:00:00,1.4,1.1,1.4,0.9
2024-01-02 08:00:00,1.8,1.5,1.8,1.4
2024-01-02 09:00:00,3.0,2.3,3.0,1.9
2024-01-02 10:00:00,3.4,3.2,3.4,3.0
2024-01-02 11:00:00,4.0,3.8,4.3,3.4
2024-01-02 12:00:00,4.7,4.3,4.7,3.9
2024-01-02 13:00:00,4.6,4.4,4.6,4.2
2024-01-02 14:00:00,4.5,4.3,4.6,4.1
2024-01-02 15:00:00,4.4,4.4,4.8,4.2
2024-01-02 16:00:00,4.3,4.3,4.5,4.2
2024-01-02 17:00:00,3.8,4.1,4.4,3.8
2024-01-02 18:00:00,3.4,3.5,3.9,3.2
2024-01-02 19:00:00,2.0,2.5,3.4,1.8
2024-01-02 20:00:00,1.4,1.7,2.0,1.3
2024-01-02 21:00:00,0.9,1.3,1.7,0.9
2024-01-02 22:00:00,0.7,0.7,1.1,0.6
2024-01-02 23:00:00,0.3,0.4,0.7,0.3
2024-01-03 00:00:00,0.3,0.3,0.6,0.2
2024-01-03 01:00:00,0.0,0.1,0.4,0.0
2024-01-03 02:00:00,-0.1,0.0,0.1,-0.2
2024-01-03 03:00:00,0.3,0.0,0.3,-0.1
2024-01-03 04:00:00,0.7,0.5,0.7,0.3
2024-01-03 05:00:00,1.0,0.7,1.0,0.6
2024-01-03 06:00:00,1.3,1.2,1.4,1.0
2024-01-03 07:00:00,1.5,1.3,1.5,1.2
2024-01-03 08:00:00,1.5,1.5,1.8,1.5
2024-01-03 09:00:00,2.1,1.7,2.1,1.5
2024-01-03 10:00:00,1.6,1.8,2.2,1.5
2024-01-03 11:00:00,2.3,1.7,2.3,1.5
2024-01-03 12:00:00,3.2,2.6,3.2,2.2
2024-01-03 13:00:00,3.5,3.4,3.7,3.1
2024-01-03 14:00:00,2.5,3.6,4.1,2.5
2024-01-03 15:00:00,2.3,2.0,2.6,1.5
2024-01-03 16:00:00,1.5,1.2,2.1,0.9
2024-01-03 17:00:00,2.1,1.8,2.2,1.5
2024-01-03 18:00:00,0.8,1.4,2.0,0.8
2024-01-03 19:00:00,1.0,1.0,1.6,0.6
2024-01-03 20:00:00,0.8,0.5,1.2,-0.2
2024-01-03 21:00:00,0.7,0.4,0.9,-0.1
2024-01-03 22:00:00,-0.2,0.6,0.9,-0.2
2024-01-03 23:00:00,-0.4,-0.1,0.3,-0.7
2024-01-04 00:00:00,-1.7,-0.8,-0.4,-1.7
2024-01-04 01:00:00,-2.5,-1.9,-1.5,-2.5
2024-01-04 02:00:00,-2.8,-2.6,-2.3,-3.0
2024-01-04 03:00:00,-3.3,-3.1,-2.8,-3.4
2024-01-04 04:00:00,-3.9,-3.7,-3.3,-4.0
2024-01-04 05:00:00,-4.0,-3.9,-3.6,-4.2
2024-01-04 06:00:00,-4.2,-4.1,-3.8,-4.3
2024-01-04 07:00:00,-4.1,-4.1,-3.9,-4.2
2024-01-04 08:00:00,-3.3,-3.9,-3.3,-4.3
2024-01-04 09:00:00,-1.8,-2.6,-1.8,-3.3
2024-01-04 10:00:00,-0.5,-1.0,-0.5,-1.7
2024-01-04 11:00:00,0.3,-0.2,0.3,-0.7
2024-01-04 12:00:00,2.1,0.9,2.1,0.2
2024-01-04 13:00:00,2.3,2.1,2.4,1.8
2024-01-04 14:00:00,2.9,2.7,3.0,2.3
2024-01-04 15:00:00,3.6,3.2,3.6,2.9
2024-01-04 16:00:00,3.7,3.8,4.0,3.6
2024-01-04 17:00:00,4.4,4.3,4.6,3.8
2024-01-04 18:00:00,3.3,4.2,4.5,3.3
2024-01-04 19:00:00,2.9,3.0,3.3,2.8
2024-01-04 20:00:00,3.2,3.0,3.2,2.9
2024-01-04 21:00:00,2.4,2.9,3.2,2.4
2024-01-04 22:00:00,2.3,2.3,2.6,2.2
2024-01-04 23:00:00,2.1,2.1,2.5,1.9
2024-01-05 00:00:00,2.8,2.4,3.1,1.9
2024-01-05 01:00:00,3.5,2.7,3.5,2.4
2024-01-05 02:00:00,3.3,3.1,3.5,3.0
2024-01-05 03:00:00,2.4,2.9,3.5,2.4
2024-01-05 04:00:00,3.5,2.4,3.5,2.1
2024-01-05 05:00:00,4.1,3.9,4.3,3.2
2024-01-05 06:00:00,4.5,4.3,4.5,4.1
2024-01-05 07:00:00,4.6,4.5,4.6,4.4
2024-01-05 08:00:00,4.7,4.6,4.8,4.5
2024-01-05 09:00:00,5.1,4.8,5.2,4.6
2024-01-05 10:00:00,5.8,5.4,5.8,5.1
2024-01-05 11:00:00,7.2,6.4,7.2,5.8
2024-01-05 12:00:00,8.2,7.7,8.2,7.3
2024-01-05 13:00:00,8.7,8.3,9.1,7.9
2024-01-05 14:00:00,8.8,8.7,9.3,8.4
2024-01-05 15:00:00,8.8,8.7,9.0,8.6
2024-01-05 16:00:00,8.6,8.7,8.9,8.6
2024-01-05 17:00:00,7.3,8.0,8.5,7.3
2024-01-05 18:00:00,6.0,6.6,7.3,6.0
2024-01-05 19:00:00,4.9,5.4,6.0,4.9
2024-01-05 20:00:00,4.1,4.4,4.9,4.1
2024-01-05 21:00:00,3.1,3.6,4.0,2.7
2024-01-05 22:00:00,0.5,1.2,2.9,0.3
2024-01-05 23:00:00,-0.4,0.2,0.8,-0.4
2024-01-06 00:00:00,-1.0,-0.5,-0.2,-1.0
2024-01-06 01:00:00,-1.5,-1.1,-0.8,-1.5
2024-01-06 02:00:00,-1.7,-1.6,-1.4,-1.9
2024-01-06 03:00:00,0.3,-1.3,0.3,-2.0
2024-01-06 04:00:00,-0.6,-0.9,0.3,-1.9
2024-01-06 05:00:00,-2.4,-2.0,-0.8,-2.4
2024-01-06 06:00:00,-2.3,-2.4,-2.0,-2.8
2024-01-06 07:00:00,-1.9,-2.0,-1.8,-2.2
2024-01-06 08:00:00,-2.5,-2.3,-1.8,-2.6
2024-01-06 09:00:00,-1.5,-2.0,-1.5,-2.5
2024-01-06 10:00:00,-0.2,-0.9,-0.2,-1.7
2024-01-06 11:00:00,1.6,0.7,1.6,-0.1
2024-01-06 12:00:00,2.1,1.7,2.4,1.3
2024-01-06 13:00:00,3.8,3.1,4.2,2.3
2024-01-06 14:00:00,3.8,4.0,4.4,3.5
2024-01-06 15:00:00,4.1,3.9,4.4,3.6
2024-01-06 16:00:00,4.5,4.4,4.8,4.1
2024-01-06 17:00:00,3.7,4.2,4.6,3.7
2024-01-06 18:00:00,2.7,3.0,3.7,2.7
2024-01-06 19:00:00,2.2,2.3,2.6,2.1
2024-01-06 20:00:00,0.7,1.1,2.2,0.6
2024-01-06 21:00:00,-0.3,0.6,0.9,-0.3
2024-01-06 22:00:00,-1.0,-0.8,-0.4,-1.1
2024-01-06 23:00:00,-0.9,-1.2,-0.6,-1.6
2024-01-07 00:00:00,-0.7,-0.5,-0.4,-0.8
2024-01-07 01:00:00,-1.8,-1.3,-0.7,-1.8
2024-01-07 02:00:00,-2.1,-1.9,-1.7,-2.1
2024-01-07 03:00:00,-2.7,-2.5,-2.1,-2.9
2024-01-07 04:00:00,-2.8,-2.7,-2.4,-3.2
2024-01-07 05:00:00,-3.1,-2.8,-2.4,-3.6
2024-01-07 06:00:00,-2.7,-2.7,-2.6,-3.1
2024-01-07 07:00:00,-3.5,-3.0,-2.7,-3.5
2024-01-07 08:00:00,-3.8,-3.7,-3.4,-4.1
2024-01-07 09:00:00,-3.5,-3.7,-3.5,-3.9
2024-01-07 10:00:00,-3.3,-3.4,-3.3,-3.6
2024-01-07 11:00:00,-2.8,-2.8,-2.5,-3.3
2024-01-07 12:00:00,-2.3,-2.5,-2.2,-2.9
2024-01-07 13:00:00,-2.2,-2.3,-1.9,-2.6
2024-01-07 14:00:00,-1.9,-2.1,-1.8,-2.3
2024-01-07 15:00:00,-1.8,-1.9,-1.6,-2.3
2024-01-07 16:00:00,-2.4,-2.1,-1.7,-2.4
2024-01-07 17:00:00,-2.9,-2.6,-2.3,-2.9
2024-01-07 18:00:00,-3.8,-3.4,-2.9,-3.8
2024-01-07 19:00:00,-4.5,-4.1,-3.9,-4.5
2024-01-07 20:00:00,-5.4,-4.7,-4.5,-5.4
2024-01-07 21:00:00,-5.6,-5.5,-5.3,-5.7
2024-01-07 22:00:00,-6.2,-5.8,-5.6,-6.2
2024-01-07 23:00:00,-7.0,-6.6,-6.2,-7.0
2024-01-08 00:00:00,-7.5,-7.2,-7.0,-7.6
2024-01-08 01:00:00,-7.8,-7.6,-7.5,-7.8
2024-01-08 02:00:00,-8.6,-8.2,-7.8,-8.6
2024-01-08 03:00:00,-9.0,-8.7,-8.4,-9.1
2024-01-08 04:00:00,-9.6,-9.3,-8.8,-9.8
2024-01-08 05:00:00,-10.1,-9.8,-9.4,-10.1
2024-01-08 06:00:00,-9.7,-9.9,-9.7,-10.2
2024-01-08 07:00:00,-9.8,-9.8,-9.7,-10.0
2024-01-08 08:00:00,-9.7,-9.8,-9.7,-10.0
2024-01-08 09:00:00,-8.5,-9.3,-8.5,-9.8
2024-01-08 10:00:00,-6.9,-7.8,-6.9,-8.5
2024-01-08 11:00:00,-5.0,-5.9,-5.0,-6.8
2024-01-08 12:00:00,-3.9,-4.4,-3.6,-5.2
2024-01-08 13:00:00,-1.5,-2.7,-1.5,-3.8
2024-01-08 14:00:00,-1.2,-1.5,-1.0,-2.2
2024-01-08 15:00:00,-0.6,-1.3,-0.6,-1.8
2024-01-08 16:00:00,-0.8,-0.6,-0.4,-0.9
2024-01-08 17:00:00,-1.0,-0.7,-0.6,-1.0
2024-01-08 18:00:00,-1.6,-1.3,-1.0,-1.6
2024-01-08 19:00:00,-2.7,-2.3,-1.6,-2.8
2024-01-08 20:00:00,-3.1,-2.9,-2.5,-3.3
2024-01-08 21:00:00,-3.5,-3.3,-3.0,-3.6
2024-01-08 22:00:00,-2.3,-2.6,-2.2,-3.5
2024-01-08 23:00:00,-2.1,-2.2,-2.1,-2.4
2024-01-09 00:00:00,-2.3,-2.2,-2.1,-2.3
2024-01-09 01:00:00,-2.1,-2.1,-2.0,-2.3
2024-01-09 02:00:00,-1.9,-2.0,-1.9,-2.1
2024-01-09 03:00:00,-1.4,-1.7,-1.4,-2.0
2024-01-09 04:00:00,-1.3,-1.3,-1.3,-1.4
2024-01-09 05:00:00,-1.8,-1.7,-1.3,-1.9
2024-01-09 06:00:00,-1.5,-1.5,-1.4,-1.8
2024-01-09 07:00:00,-1.8,-1.6,-1.5,-1.8
2024-01-09 08:00:00,-1.8,-1.7,-1.7,-1.9
2024-01-09 09:00:00,-2.2,-1.8,-1.8,-2.2
2024-01-09 10:00:00,-2.5,-2.4,-2.2,-2.6
2024-01-09 11:00:00,-1.6,-2.0,-1.6,-2.5
2024-01-09 12:00:00,-1.3,-1.4,-1.3,-1.7
2024-01-09 13:00:00,-0.6,-1.0,-0.6,-1.4
2024-01-09 14:00:00,-0.1,-0.5,-0.1,-0.7
2024-01-09 15:00:00,0.2,0.1,0.3,0.0
2024-01-09 16:00:00,0.2,0.3,0.6,0.2
2024-01-09 17:00:00,-0.3,0.0,0.2,-0.3
2024-01-09 18:00:00,-0.3,-0.2,-0.1,-0.3
2024-01-09 19:00:00,-0.3,-0.2,-0.1,-0.3
2024-01-09 20:00:00,-0.6,-0.4,-0.3,-0.8
2024-01-09 21:00:00,-0.7,-0.6,-0.6,-0.8
2024-01-09 22:00:00,-0.7,-0.7,-0.6,-0.8
2024-01-09 23:00:00,-0.9,-0.9,-0.7,-1.1
2024-01-10 00:00:00,-0.8,-0.8,-0.6,-1.0
2024-01-10 01:00:00,-1.6,-1.0,-0.8,-1.6
2024-01-10 02:00:00,-1.4,-1.3,-1.2,-1.7
2024-01-10 03:00:00,-1.4,-1.1,-0.8,-1.4
2024-01-10 04:00:00,-2.8,-2.1,-1.4,-2.9
2024-01-10 05:00:00,-3.5,-3.1,-2.8,-3.5
2024-01-10 06:00:00,-3.6,-3.6,-3.3,-4.0
2024-01-10 07:00:00,-3.0,-3.3,-3.0,-3.8
2024-01-10 08:00:00,-2.9,-3.1,-2.9,-3.5
2024-01-10 09:00:00,-2.6,-2.6,-2.5,-2.9
2024-01-10 10:00:00,-2.2,-2.4,-2.2,-2.6
2024-01-10 11:00:00,-1.7,-1.9,-1.5,-2.3
2024-01-10 12:00:00,-0.7,-1.2,-0.7,-1.8
2024-01-10 13:00:00,1.2,0.0,1.2,-0.7
2024-01-10 14:00:00,2.2,1.4,2.3,0.6
2024-01-10 15:00:00,2.0,1.9,2.2,1.5
2024-01-10 16:00:00,2.4,2.3,2.5,2.0
2024-01-10 17:00:00,2.4,2.4,2.7,2.3
2024-01-10 18:00:00,1.0,1.5,2.4,1.0
2024-01-10 19:00:00,-1.3,0.0,1.0,-1.3
2024-01-10 20:00:00,-0.9,-0.4,-0.2,-1.3
2024-01-10 21:00:00,-1.0,-1.1,-0.7,-1.8
2024-01-10 22:00:00,-2.2,-1.5,-1.0,-2.2
2024-01-10 23:00:00,-2.9,-2.2,-1.7,-2.9
2024-01-11 00:00:00,-2.4,-2.8,-2.4,-3.3
2024-01-11 01:00:00,-2.0,-2.1,-2.0,-2.4
2024-01-11 02:00:00,-1.6,-1.7,-1.6,-2.0
2024-01-11 03:00:00,-1.5,-1.5,-1.5,-1.6
2024-01-11 04:00:00,-1.7,-1.5,-1.4,-1.8
2024-01-11 05:00:00,-1.8,-1.8,-1.7,-2.0
2024-01-11 06:00:00,-2.3,-1.9,-1.8,-2.4
2024-01-11 07:00:00,-1.9,-2.1,-1.9,-2.3
2024-01-11 08:00:00,-1.7,-1.8,-1.7,-1.9
2024-01-11 09:00:00,-1.2,-1.5,-1.2,-1.7
2024-01-11 10:00:00,-0.4,-0.8,-0.4,-1.2
2024-01-11 11:00:00,0.9,0.3,1.0,-0.4
2024-01-11 12:00:00,1.7,1.3,1.8,0.8
2024-01-11 13:00:00,2.7,2.1,2.7,1.7
2024-01-11 14:00:00,3.1,3.0,3.4,2.6
2024-01-11 15:00:00,3.2,3.2,3.4,3.1
2024-01-11 16:00:00,3.7,3.5,3.8,3.2
2024-01-11 17:00:00,3.6,3.6,3.7,3.5
2024-01-11 18:00:00,3.6,3.6,3.7,3.5
2024-01-11 19:00:00,3.0,3.5,3.8,2.9
2024-01-11 20:00:00,3.2,2.8,3.3,2.2
2024-01-11 21:00:00,3.4,3.3,3.5,3.2
2024-01-11 22:00:00,2.9,3.5,3.7,2.9
2024-01-11 23:00:00,2.2,2.3,2.8,2.0
2024-01-12 00:00:00,2.6,2.4,2.8,2.2
2024-01-12 01:00:00,3.2,2.6,3.2,2.2
2024-01-12 02:00:00,1.5,2.6,3.4,1.5
2024-01-12 03:00:00,0.7,1.4,2.1,0.7
2024-01-12 04:00:00,1.2,0.7,1.6,0.1
2024-01-12 05:00:00,-0.1,0.0,1.1,-0.3
2024-01-12 06:00:00,-1.5,-0.6,-0.2,-1.5
2024-01-12 07:00:00,-2.1,-1.7,-1.3,-2.2
2024-01-12 08:00:00,-2.1,-2.0,-1.7,-2.3
2024-01-12 09:00:00,-0.7,-1.6,-0.7,-2.2
2024-01-12 10:00:00,1.6,0.6,1.6,-0.5
2024-01-12 11:00:00,3.2,2.5,3.3,1.8
2024-01-12 12:00:00,3.7,3.4,4.1,3.0
2024-01-12 13:00:00,5.0,4.3,5.1,3.5
2024-01-12 14:00:00,5.2,4.9,5.4,4.7
2024-01-12 15:00:00,4.7,4.6,5.2,4.3
2024-01-12 16:00:00,4.7,4.8,5.1,4.7
2024-01-12 17:00:00,3.4,4.1,4.7,3.4
2024-01-12 18:00:00,2.1,2.5,3.4,2.1
2024-01-12 19:00:00,1.4,1.5,2.0,1.3
2024-01-12 20:00:00,0.3,0.8,1.4,0.0
2024-01-12 21:00:00,-0.9,-0.5,0.4,-1.1
2024-01-12 22:00:00,-1.6,-1.3,-0.9,-1.6
2024-01-12 23:00:00,-1.5,-1.8,-1.4,-2.1
2024-01-13 00:00:00,-1.8,-0.9,-0.3,-1.8
2024-01-13 01:00:00,-2.5,-2.0,-1.6,-2.5
2024-01-13 02:00:00,-2.8,-2.4,-2.1,-2.8
2024-01-13 03:00:00,-3.3,-2.8,-2.5,-3.3
2024-01-13 04:00:00,-3.6,-3.0,-2.6,-3.6
2024-01-13 05:00:00,-4.4,-3.8,-3.3,-4.4
2024-01-13 06:00:00,-4.8,-4.5,-4.2,-4.9
2024-01-13 07:00:00,-4.7,-4.4,-4.0,-4.8
2024-01-13 08:00:00,-4.4,-4.5,-4.1,-4.8
2024-01-13 09:00:00,-3.1,-3.7,-3.1,-4.6
2024-01-13 10:00:00,0.3,-1.4,0.3,-3.1
2024-01-13 11:00:00,1.2,0.8,1.6,0.3
2024-01-13 12:00:00,2.4,1.8,2.5,1.1
2024-01-13 13:00:00,3.7,2.8,3.7,2.2
2024-01-13 14:00:00,3.5,3.6,4.3,3.1
2024-01-13 15:00:00,3.9,3.5,3.9,3.2
2024-01-13 16:00:00,5.0,4.4,5.0,3.9
2024-01-13 17:00:00,4.8,4.9,5.2,4.8
2024-01-13 18:00:00,2.2,3.9,4.8,2.2
2024-01-13 19:00:00,0.2,1.0,2.2,0.2
2024-01-13 20:00:00,-1.1,-0.6,0.2,-1.1
2024-01-13 21:00:00,-1.9,-1.5,-1.1,-1.9
2024-01-13 22:00:00,-2.4,-2.0,-1.7,-2.4
2024-01-13 23:00:00,-2.7,-2.4,-2.2,-2.8
2024-01-14 00:00:00,-2.9,-2.6,-2.2,-3.0
2024-01-14 01:00:00,-3.4,-3.0,-2.6,-3.4
2024-01-14 02:00:00,-3.7,-3.4,-3.1,-3.8
2024-01-14 03:00:00,-4.1,-3.8,-3.7,-4.1
2024-01-14 04:00:00,-4.3,-4.0,-3.6,-4.3
2024-01-14 05:00:00,-3.9,-4.0,-3.2,-4.4
2024-01-14 06:00:00,-4.1,-4.1,-3.8,-4.4
2024-01-14 07:00:00,-4.4,-4.3,-3.9,-4.6
2024-01-14 08:00:00,-3.9,-4.1,-3.9,-4.4
2024-01-14 09:00:00,-2.4,-3.2,-2.4,-4.0
2024-01-14 10:00:00,0.3,-0.7,0.3,-2.3
2024-01-14 11:00:00,1.7,1.2,1.7,0.4
2024-01-14 12:00:00,3.2,2.5,3.2,1.8
2024-01-14 13:00:00,2.2,3.0,3.3,2.2
2024-01-14 14:00:00,1.7,1.7,2.3,1.5
2024-01-14 15:00:00,1.0,1.5,2.0,1.0
2024-01-14 16:00:00,1.4,1.1,1.5,1.0
2024-01-14 17:00:00,1.8,1.5,1.8,1.4
2024-01-14 18:00:00,1.6,1.8,2.1,1.5
2024-01-14 19:00:00,1.4,1.4,1.6,1.4
2024-01-14 20:00:00,0.5,1.0,1.4,0.5
2024-01-14 21:00:00,-0.3,0.0,0.5,-0.3
2024-01-14 22:00:00,-0.7,-0.4,-0.3,-0.7
2024-01-14 23:00:00,-1.4,-1.0,-0.7,-1.4
2024-01-15 00:00:00,-2.5,-1.9,-1.4,-2.5
2024-01-15 01:00:00,-3.1,-2.8,-2.5,-3.3
2024-01-15 02:00:00,-3.5,-3.2,-3.0,-3.5
2024-01-15 03:00:00,-4.8,-4.2,-3.5,-4.8
2024-01-15 04:00:00,-5.2,-4.9,-4.4,-5.2
2024-01-15 05:00:00,-5.4,-5.3,-5.0,-5.5
2024-01-15 06:00:00,-5.5,-5.3,-5.0,-5.6
2024-01-15 07:00:00,-5.6,-5.6,-5.4,-6.0
2024-01-15 08:00:00,-5.9,-5.7,-5.6,-5.9
2024-01-15 09:00:00,-4.8,-5.5,-4.8,-6.0
2024-01-15 10:00:00,-3.9,-4.4,-3.9,-4.8
2024-01-15 11:00:00,-2.7,-3.3,-2.7,-4.0
2024-01-15 12:00:00,-2.0,-2.6,-2.0,-3.2
2024-01-15 13:00:00,-1.3,-1.5,-0.7,-2.0
2024-01-15 14:00:00,-0.3,-0.5,0.0,-1.3
2024-01-15 15:00:00,0.3,0.0,0.5,-0.8
2024-01-15 16:00:00,0.4,0.4,0.6,0.2
2024-01-15 17:00:00,0.5,0.4,0.6,0.3
2024-01-15 18:00:00,-0.7,-0.2,0.5,-0.7
2024-01-15 19:00:00,-1.5,-1.3,-0.7,-1.9
2024-01-15 20:00:00,-2.2,-2.1,-1.5,-2.8
2024-01-15 21:00:00,-2.3,-2.1,-1.9,-2.6
2024-01-15 22:00:00,-3.2,-2.6,-2.3,-3.2
2024-01-15 23:00:00,-3.7,-3.4,-3.2,-3.8
2024-01-16 00:00:00,-5.0,-4.2,-3.6,-5.1
2024-01-16 01:00:00,-5.4,-4.8,-4.5,-5.4
2024-01-16 02:00:00,-6.0,-5.4,-5.0,-6.1
2024-01-16 03:00:00,-6.9,-6.4,-6.0,-6.9
2024-01-16 04:00:00,-7.3,-7.2,-6.9,-7.5
2024-01-16 05:00:00,-7.7,-7.6,-7.3,-7.8
2024-01-16 06:00:00,-7.8,-7.6,-7.3,-8.0
2024-01-16 07:00:00,-7.5,-7.6,-7.5,-7.8
2024-01-16 08:00:00,-7.6,-7.5,-7.4,-7.8
2024-01-16 09:00:00,-6.3,-7.0,-6.3,-7.6
2024-01-16 10:00:00,-3.9,-5.0,-3.9,-6.2
2024-01-16 11:00:00,-1.8,-2.7,-1.8,-3.7
2024-01-16 12:00:00,-1.0,-1.5,-0.8,-2.1
2024-01-16 13:00:00,0.5,0.0,0.6,-1.1
2024-01-16 14:00:00,1.4,0.9,1.5,0.4
2024-01-16 15:00:00,2.1,2.0,2.3,1.4
2024-01-16 16:00:00,2.8,2.6,3.0,2.2
2024-01-16 17:00:00,2.9,2.9,3.2,2.7
2024-01-16 18:00:00,1.1,2.1,2.8,1.1
2024-01-16 19:00:00,-0.9,0.0,1.0,-0.9
2024-01-16 20:00:00,-1.5,-1.2,-0.9,-1.9
2024-01-16 21:00:00,-2.5,-2.0,-1.5,-2.6
2024-01-16 22:00:00,-3.0,-2.7,-2.2,-3.0
2024-01-16 23:00:00,-3.2,-3.3,-3.1,-3.6
2024-01-17 00:00:00,-3.8,-3.4,-2.7,-3.8
2024-01-17 01:00:00,-4.1,-3.9,-3.8,-4.1
2024-01-17 02:00:00,-2.8,-3.3,-2.8,-4.2
2024-01-17 03:00:00,-1.9,-2.3,-1.8,-2.8
2024-01-17 04:00:00,-1.7,-1.6,-1.2,-1.9
2024-01-17 05:00:00,-1.5,-1.6,-1.5,-1.7
2024-01-17 06:00:00,-1.2,-1.4,-1.2,-1.6
2024-01-17 07:00:00,-0.9,-0.9,-0.8,-1.1
2024-01-17 08:00:00,-0.5,-0.6,-0.4,-0.8
2024-01-17 09:00:00,0.0,-0.1,0.2,-0.4
2024-01-17 10:00:00,0.8,0.3,0.8,0.0
2024-01-17 11:00:00,0.7,0.9,1.1,0.7
2024-01-17 12:00:00,0.1,0.4,0.7,0.1
2024-01-17 13:00:00,-0.3,-0.3,0.1,-0.5
2024-01-17 14:00:00,0.4,0.1,0.6,-0.3
2024-01-17 15:00:00,0.3,0.4,0.7,0.2
2024-01-17 16:00:00,0.5,0.4,0.5,0.3
2024-01-17 17:00:00,0.6,0.6,0.7,0.4
2024-01-17 18:00:00,0.7,0.6,0.9,0.6
2024-01-17 19:00:00,0.9,0.7,0.9,0.7
2024-01-17 20:00:00,1.0,0.9,1.1,0.9
2024-01-17 21:00:00,1.2,1.0,1.2,0.9
2024-01-17 22:00:00,1.2,1.1,1.2,1.1
2024-01-17 23:00:00,1.3,1.2,1.3,1.2
2024-01-18 00:00:00,1.3,1.2,1.3,1.2
2024-01-18 01:00:00,1.3,1.3,1.4,1.3
2024-01-18 02:00:00,1.5,1.3,1.5,1.3
2024-01-18 03:00:00,1.5,1.4,1.6,1.4
2024-01-18 04:00:00,1.5,1.4,1.5,1.4
2024-01-18 05:00:00,1.8,1.6,1.8,1.4
2024-01-18 06:00:00,1.8,1.6,1.8,1.6
2024-01-18 07:00:00,1.8,1.9,2.1,1.7
2024-01-18 08:00:00,1.8,1.8,2.0,1.7
2024-01-18 09:00:00,2.3,2.0,2.3,1.8
2024-01-18 10:00:00,2.9,2.5,2.9,2.2
2024-01-18 11:00:00,3.8,3.2,3.8,3.0
2024-01-18 12:00:00,5.3,4.6,5.5,3.9
2024-01-18 13:00:00,6.4,6.0,6.8,5.3
2024-01-18 14:00:00,7.3,6.8,7.6,6.1
2024-01-18 15:00:00,8.5,7.8,8.5,7.3
2024-01-18 16:00:00,8.9,8.5,8.9,8.3
2024-01-18 17:00:00,8.1,8.6,9.0,8.1
2024-01-18 18:00:00,6.7,7.5,8.0,6.7
2024-01-18 19:00:00,5.2,6.2,6.9,5.2
2024-01-18 20:00:00,4.8,4.9,5.4,4.5
2024-01-18 21:00:00,3.4,3.7,4.6,3.3
2024-01-18 22:00:00,2.9,3.2,3.9,2.9
2024-01-18 23:00:00,2.4,2.4,2.9,2.1
2024-01-19 00:00:00,3.0,2.8,3.3,2.5
2024-01-19 01:00:00,3.6,3.1,3.6,2.9
2024-01-19 02:00:00,3.9,3.4,3.9,3.1
2024-01-19 03:00:00,3.7,4.1,4.6,3.6
2024-01-19 04:00:00,4.3,4.1,4.5,3.6
2024-01-19 05:00:00,4.4,4.4,4.7,4.2
2024-01-19 06:00:00,4.7,4.6,4.9,4.3
2024-01-19 07:00:00,4.5,4.5,4.8,4.2
2024-01-19 08:00:00,4.5,4.5,4.7,4.3
2024-01-19 09:00:00,4.9,4.6,4.9,4.4
2024-01-19 10:00:00,5.5,5.1,5.6,4.8
2024-01-19 11:00:00,6.9,6.3,7.0,5.5
2024-01-19 12:00:00,7.3,7.1,7.6,6.7
2024-01-19 13:00:00,8.7,8.0,8.7,7.2
2024-01-19 14:00:00,8.5,8.2,9.0,7.7
2024-01-19 15:00:00,7.8,8.3,8.7,7.8
2024-01-19 16:00:00,7.8,8.0,8.5,7.8
2024-01-19 17:00:00,6.9,7.2,7.8,6.9
2024-01-19 18:00:00,6.3,6.5,6.9,6.3
2024-01-19 19:00:00,5.6,5.8,6.3,5.5
2024-01-19 20:00:00,5.0,5.2,5.6,4.9
2024-01-19 21:00:00,4.9,4.8,5.0,4.6
2024-01-19 22:00:00,4.6,4.8,4.9,4.6
2024-01-19 23:00:00,4.7,4.7,4.9,4.6
2024-01-20 00:00:00,4.3,4.4,4.8,4.2
2024-01-20 01:00:00,4.5,4.4,4.7,4.2
2024-01-20 02:00:00,4.5,4.4,4.6,4.1
2024-01-20 03:00:00,4.5,4.4,4.6,4.2
2024-01-20 04:00:00,4.3,4.4,4.6,4.3
2024-01-20 05:00:00,4.1,4.2,4.3,4.1
2024-01-20 06:00:00,4.0,4.1,4.3,4.0
2024-01-20 07:00:00,4.0,4.1,4.3,4.0
2024-01-20 08:00:00,4.2,4.1,4.3,4.0
2024-01-20 09:00:00,4.5,4.3,4.5,4.1
2024-01-20 10:00:00,5.0,4.7,5.0,4.4
2024-01-20 11:00:00,5.4,5.1,5.4,5.0
2024-01-20 12:00:00,5.3,5.4,5.6,5.3
2024-01-20 13:00:00,4.7,5.0,5.4,4.7
2024-01-20 14:00:00,4.5,4.6,5.0,4.4
2024-01-20 15:00:00,3.9,4.1,4.6,3.9
2024-01-20 16:00:00,3.3,3.6,3.9,3.3
2024-01-20 17:00:00,2.8,3.0,3.3,2.7
2024-01-20 18:00:00,2.3,2.5,2.8,2.3
2024-01-20 19:00:00,2.1,2.2,2.4,2.0
2024-01-20 20:00:00,1.6,1.9,2.1,1.6
2024-01-20 21:00:00,1.5,1.5,1.7,1.4
2024-01-20 22:00:00,1.7,1.5,1.7,1.5
2024-01-20 23:00:00,1.7,1.6,1.8,1.5
2024-01-21 00:00:00,2.1,1.8,2.1,1.7
2024-01-21 01:00:00,1.7,1.9,2.1,1.6
2024-01-21 02:00:00,1.8,1.6,1.8,1.5
2024-01-21 03:00:00,2.0,1.8,2.0,1.8
2024-01-21 04:00:00,2.0,2.0,2.1,2.0
2024-01-21 05:00:00,2.2,2.1,2.2,2.0
2024-01-21 06:00:00,2.3,2.3,2.4,2.2
2024-01-21 07:00:00,2.4,2.3,2.4,2.3
2024-01-21 08:00:00,2.5,2.4,2.5,2.4
2024-01-21 09:00:00,2.9,2.6,2.9,2.5
2024-01-21 10:00:00,3.8,3.4,3.8,2.9
2024-01-21 11:00:00,4.0,3.7,4.0,3.5
2024-01-21 12:00:00,4.3,4.1,4.5,3.7
2024-01-21 13:00:00,4.0,4.3,4.7,3.9
2024-01-21 14:00:00,4.1,4.1,4.6,3.9
2024-01-21 15:00:00,3.9,4.0,4.3,3.9
2024-01-21 16:00:00,2.9,3.5,4.1,2.8
2024-01-21 17:00:00,2.7,2.7,2.9,2.6
2024-01-21 18:00:00,2.4,2.4,2.7,2.3
2024-01-21 19:00:00,2.4,2.3,2.4,2.3
2024-01-21 20:00:00,2.7,2.4,2.7,2.4
2024-01-21 21:00:00,1.1,1.8,2.7,1.1
2024-01-21 22:00:00,0.1,0.5,1.1,0.1
2024-01-21 23:00:00,-1.2,-0.4,0.0,-1.2
2024-01-22 00:00:00,-2.3,-1.8,-1.2,-2.3
2024-01-22 01:00:00,-2.8,-2.5,-2.3,-2.8
2024-01-22 02:00:00,-3.5,-3.1,-2.8,-3.5
2024-01-22 03:00:00,-4.1,-3.8,-3.5,-4.2
2024-01-22 04:00:00,-4.9,-4.3,-4.1,-4.9
2024-01-22 05:00:00,-6.1,-5.5,-4.9,-6.1
2024-01-22 06:00:00,-6.8,-6.5,-6.1,-6.8
2024-01-22 07:00:00,-7.5,-7.2,-6.7,-7.5
2024-01-22 08:00:00,-8.0,-7.6,-7.4,-8.1
2024-01-22 09:00:00,-8.3,-7.9,-7.7,-8.3
2024-01-22 10:00:00,-8.1,-8.2,-7.9,-8.5
2024-01-22 11:00:00,-7.6,-7.8,-7.4,-8.2
2024-01-22 12:00:00,-7.2,-7.3,-6.9,-7.7
2024-01-22 13:00:00,-7.1,-7.0,-6.6,-7.4
2024-01-22 14:00:00,-7.4,-7.0,-6.6,-7.4
2024-01-22 15:00:00,-7.6,-7.3,-7.0,-7.8
2024-01-22 16:00:00,-7.6,-7.4,-7.1,-7.6
2024-01-22 17:00:00,-7.8,-7.6,-7.4,-7.9
2024-01-22 18:00:00,-8.4,-8.1,-7.9,-8.4
2024-01-22 19:00:00,-8.8,-8.6,-8.3,-8.9
2024-01-22 20:00:00,-9.3,-9.2,-8.8,-9.4
2024-01-22 21:00:00,-10.4,-10.0,-9.3,-10.5
2024-01-22 22:00:00,-10.9,-10.7,-10.4,-10.9
2024-01-22 23:00:00,-11.0,-10.9,-10.8,-11.1
2024-01-23 00:00:00,-11.2,-11.0,-10.9,-11.2
2024-01-23 01:00:00,-11.5,-11.3,-11.1,-11.6
2024-01-23 02:00:00,-11.9,-11.7,-11.6,-11.9
2024-01-23 03:00:00,-12.4,-12.1,-11.9,-12.4
2024-01-23 04:00:00,-12.7,-12.5,-12.3,-12.7
2024-01-23 05:00:00,-12.9,-12.8,-12.7,-12.9
2024-01-23 06:00:00,-13.1,-12.9,-12.8,-13.1
2024-01-23 07:00:00,-13.2,-13.1,-13.0,-13.3
2024-01-23 08:00:00,-13.1,-13.1,-13.0,-13.2
2024-01-23 09:00:00,-12.6,-12.8,-12.6,-13.1
2024-01-23 10:00:00,-11.9,-12.2,-11.8,-12.7
2024-01-23 11:00:00,-10.6,-11.3,-10.6,-11.9
2024-01-23 12:00:00,-10.5,-10.4,-10.0,-11.0
2024-01-23 13:00:00,-8.8,-9.6,-8.4,-10.5
2024-01-23 14:00:00,-9.1,-8.8,-8.3,-9.4
2024-01-23 15:00:00,-8.9,-9.0,-8.6,-9.4
2024-01-23 16:00:00,-8.5,-8.6,-7.9,-9.0
2024-01-23 17:00:00,-9.0,-8.6,-8.3,-9.0
2024-01-23 18:00:00,-9.7,-9.2,-8.9,-9.7
2024-01-23 19:00:00,-10.3,-9.9,-9.7,-10.4
2024-01-23 20:00:00,-11.0,-10.6,-10.3,-11.0
2024-01-23 21:00:00,-11.3,-11.1,-10.9,-11.3
2024-01-23 22:00:00,-11.1,-11.2,-11.1,-11.3
2024-01-23 23:00:00,-11.0,-10.9,-10.9,-11.1
2024-01-24 00:00:00,-10.9,-11.1,-10.9,-11.4
2024-01-24 01:00:00,-10.2,-10.5,-10.2,-10.9
2024-01-24 02:00:00,-10.5,-10.5,-10.1,-11.0
2024-01-24 03:00:00,-10.7,-10.7,-10.3,-11.1
2024-01-24 04:00:00,-9.9,-10.1,-9.9,-11.0
2024-01-24 05:00:00,-9.8,-9.8,-9.8,-10.0
2024-01-24 06:00:00,-10.1,-10.0,-9.8,-10.2
2024-01-24 07:00:00,-9.9,-9.9,-9.9,-10.1
2024-01-24 08:00:00,-10.1,-10.0,-9.9,-10.1
2024-01-24 09:00:00,-9.8,-10.0,-9.8,-10.2
2024-01-24 10:00:00,-8.8,-9.3,-8.8,-9.8
2024-01-24 11:00:00,-7.8,-8.0,-7.4,-8.8
2024-01-24 12:00:00,-6.4,-7.1,-6.4,-7.8
2024-01-24 13:00:00,-5.8,-6.2,-5.5,-6.8
2024-01-24 14:00:00,-5.1,-5.4,-4.8,-6.0
2024-01-24 15:00:00,-4.8,-4.8,-4.1,-5.3
2024-01-24 16:00:00,-4.2,-4.2,-3.9,-4.7
2024-01-24 17:00:00,-4.6,-4.2,-4.0,-4.6
2024-01-24 18:00:00,-5.3,-4.9,-4.6,-5.3
2024-01-24 19:00:00,-5.6,-5.4,-5.3,-5.6
2024-01-24 20:00:00,-6.0,-5.8,-5.6,-6.0
2024-01-24 21:00:00,-6.6,-6.3,-6.0,-6.6
2024-01-24 22:00:00,-6.9,-6.7,-6.6,-6.9
2024-01-24 23:00:00,-6.9,-6.8,-6.8,-7.0
2024-01-25 00:00:00,-7.5,-7.1,-6.9,-7.7
2024-01-25 01:00:00,-7.9,-7.5,-7.4,-7.9
2024-01-25 02:00:00,-8.9,-8.5,-7.9,-9.3
2024-01-25 03:00:00,-9.7,-9.6,-9.0,-9.9
2024-01-25 04:00:00,-8.7,-9.0,-8.3,-9.7
2024-01-25 05:00:00,-8.9,-8.6,-8.1,-9.0
2024-01-25 06:00:00,-8.9,-8.8,-8.6,-9.1
2024-01-25 07:00:00,-9.5,-9.1,-8.5,-9.5
2024-01-25 08:00:00,-9.2,-9.0,-8.5,-9.5
2024-01-25 09:00:00,-8.0,-8.4,-8.0,-9.1
2024-01-25 10:00:00,-6.1,-7.0,-6.1,-8.0
2024-01-25 11:00:00,-4.7,-5.2,-4.6,-6.2
2024-01-25 12:00:00,-3.4,-4.3,-3.4,-5.4
2024-01-25 13:00:00,-2.3,-3.1,-2.2,-3.8
2024-01-25 14:00:00,-0.8,-1.6,-0.8,-2.6
2024-01-25 15:00:00,-0.9,-1.2,-0.9,-1.6
2024-01-25 16:00:00,-0.6,-0.8,-0.6,-1.1
2024-01-25 17:00:00,-0.9,-0.8,-0.5,-1.2
2024-01-25 18:00:00,-1.9,-1.3,-0.9,-1.9
2024-01-25 19:00:00,-2.5,-2.2,-1.9,-2.5
2024-01-25 20:00:00,-3.2,-2.9,-2.5,-3.6
2024-01-25 21:00:00,-3.0,-3.3,-2.8,-3.8
2024-01-25 22:00:00,-4.2,-3.6,-3.0,-4.2
2024-01-25 23:00:00,-4.7,-4.1,-3.8,-4.7
2024-01-26 00:00:00,-5.4,-5.0,-4.8,-5.4
2024-01-26 01:00:00,-5.1,-5.0,-4.6,-5.3
2024-01-26 02:00:00,-5.4,-5.3,-4.7,-5.7
2024-01-26 03:00:00,-6.8,-6.3,-5.4,-6.8
2024-01-26 04:00:00,-7.5,-7.2,-6.8,-7.5
2024-01-26 05:00:00,-7.7,-7.6,-7.5,-7.9
2024-01-26 06:00:00,-7.8,-7.8,-7.6,-8.0
2024-01-26 07:00:00,-7.6,-7.6,-7.4,-8.0
2024-01-26 08:00:00,-7.5,-7.8,-7.5,-7.9
2024-01-26 09:00:00,-5.7,-6.8,-5.7,-7.7
2024-01-26 10:00:00,-3.2,-4.4,-3.2,-5.6
2024-01-26 11:00:00,-0.9,-1.8,-0.9,-3.2
2024-01-26 12:00:00,0.5,-0.1,0.5,-1.0
2024-01-26 13:00:00,2.3,1.5,2.3,0.4
2024-01-26 14:00:00,3.0,2.5,3.3,1.6
2024-01-26 15:00:00,3.1,3.0,3.3,2.6
2024-01-26 16:00:00,3.5,3.3,3.6,3.0
2024-01-26 17:00:00,2.8,3.1,3.6,2.7
2024-01-26 18:00:00,1.7,2.2,2.7,1.7
2024-01-26 19:00:00,1.0,1.2,1.7,1.0
2024-01-26 20:00:00,-0.6,0.2,1.0,-0.7
2024-01-26 21:00:00,-1.8,-0.8,0.2,-1.8
2024-01-26 22:00:00,-2.6,-2.2,-1.8,-2.6
2024-01-26 23:00:00,-3.3,-2.9,-2.7,-3.3
2024-01-27 00:00:00,-3.6,-3.3,-3.1,-3.6
2024-01-27 01:00:00,-4.0,-3.7,-3.5,-4.0
2024-01-27 02:00:00,-4.6,-4.3,-4.0,-4.7
2024-01-27 03:00:00,-4.5,-4.7,-4.4,-4.9
2024-01-27 04:00:00,-3.6,-4.0,-3.6,-4.5
2024-01-27 05:00:00,-4.7,-4.1,-3.6,-4.7
2024-01-27 06:00:00,-5.2,-4.9,-4.7,-5.2
2024-01-27 07:00:00,-5.3,-5.2,-5.0,-5.4
2024-01-27 08:00:00,-5.4,-5.3,-5.2,-5.5
2024-01-27 09:00:00,-4.1,-4.9,-4.1,-5.4
2024-01-27 10:00:00,-1.7,-2.8,-1.7,-4.1
2024-01-27 11:00:00,0.2,-0.5,0.5,-1.6
2024-01-27 12:00:00,2.4,1.4,2.5,0.2
2024-01-27 13:00:00,3.3,2.7,3.8,2.2
2024-01-27 14:00:00,3.6,3.7,4.2,3.1
2024-01-27 15:00:00,4.1,3.8,4.3,3.4
2024-01-27 16:00:00,4.0,4.1,4.5,3.8
2024-01-27 17:00:00,3.2,3.8,4.2,3.2
2024-01-27 18:00:00,2.1,2.6,3.3,2.1
2024-01-27 19:00:00,0.1,1.3,2.1,0.1
2024-01-27 20:00:00,-0.3,0.2,0.9,-0.3
2024-01-27 21:00:00,-1.3,-0.6,-0.1,-1.3
2024-01-27 22:00:00,-2.1,-1.8,-1.3,-2.2
2024-01-27 23:00:00,-2.8,-2.4,-2.1,-2.8
2024-01-28 00:00:00,-3.2,-2.9,-2.7,-3.2
2024-01-28 01:00:00,-3.8,-3.4,-3.2,-3.8
2024-01-28 02:00:00,-4.4,-3.9,-3.5,-4.5
2024-01-28 03:00:00,-4.5,-4.5,-4.3,-4.7
2024-01-28 04:00:00,-3.6,-4.4,-3.6,-4.9
2024-01-28 05:00:00,-3.8,-3.6,-3.1,-4.1
2024-01-28 06:00:00,-4.5,-4.6,-3.8,-5.1
2024-01-28 07:00:00,-5.7,-5.3,-4.4,-5.7
2024-01-28 08:00:00,-6.0,-6.0,-5.7,-6.2
2024-01-28 09:00:00,-4.5,-5.4,-4.5,-6.1
2024-01-28 10:00:00,-1.7,-2.8,-1.7,-4.4
2024-01-28 11:00:00,0.1,-0.6,0.2,-1.7
2024-01-28 12:00:00,0.9,0.6,1.2,-0.1
2024-01-28 13:00:00,2.1,1.6,2.6,0.9
2024-01-28 14:00:00,2.8,2.5,3.0,2.2
2024-01-28 15:00:00,2.2,2.4,2.9,1.9
2024-01-28 16:00:00,2.9,2.4,3.0,2.1
2024-01-28 17:00:00,2.0,2.4,3.0,1.9
2024-01-28 18:00:00,1.3,1.7,2.0,1.3
2024-01-28 19:00:00,-0.5,0.6,1.2,-0.5
2024-01-28 20:00:00,-1.3,-0.4,0.0,-1.3
2024-01-28 21:00:00,-2.5,-2.0,-1.2,-2.5
2024-01-28 22:00:00,-3.0,-2.6,-2.4,-3.0
2024-01-28 23:00:00,-3.6,-3.4,-3.1,-3.7
2024-01-29 00:00:00,-4.3,-4.0,-3.5,-4.3
2024-01-29 01:00:00,-4.9,-4.7,-4.3,-4.9
2024-01-29 02:00:00,-5.6,-5.2,-4.9,-5.6
2024-01-29 03:00:00,-5.9,-5.6,-5.1,-5.9
2024-01-29 04:00:00,-6.2,-6.0,-5.8,-6.2
2024-01-29 05:00:00,-6.3,-6.2,-6.1,-6.4
2024-01-29 06:00:00,-6.2,-6.1,-6.0,-6.4
2024-01-29 07:00:00,-6.0,-6.0,-5.9,-6.3
2024-01-29 08:00:00,-5.7,-6.0,-5.7,-6.3
2024-01-29 09:00:00,-4.3,-5.3,-4.3,-5.8
2024-01-29 10:00:00,-1.6,-2.9,-1.6,-4.2
2024-01-29 11:00:00,0.3,-0.4,0.6,-1.6
2024-01-29 12:00:00,2.7,1.5,2.8,0.4
2024-01-29 13:00:00,3.9,2.9,3.9,2.3
2024-01-29 14:00:00,3.5,3.3,3.9,2.9
2024-01-29 15:00:00,3.9,3.8,4.1,3.4
2024-01-29 16:00:00,3.7,3.7,4.0,3.6
2024-01-29 17:00:00,3.5,3.7,4.1,3.5
2024-01-29 18:00:00,2.3,2.9,3.5,2.3
2024-01-29 19:00:00,-0.1,0.8,2.1,-0.1
2024-01-29 20:00:00,-0.8,-0.3,0.7,-1.0
2024-01-29 21:00:00,-1.6,-1.1,-0.6,-1.8
2024-01-29 22:00:00,-2.1,-1.9,-1.6,-2.1
2024-01-29 23:00:00,-2.3,-2.2,-1.9,-2.6
2024-01-30 00:00:00,-3.1,-2.6,-2.2,-3.1
2024-01-30 01:00:00,-3.8,-3.4,-3.0,-3.8
2024-01-30 02:00:00,-4.3,-4.0,-3.7,-4.3
2024-01-30 03:00:00,-4.9,-4.5,-4.3,-4.9
2024-01-30 04:00:00,-5.1,-4.9,-4.7,-5.1
2024-01-30 05:00:00,-5.5,-5.3,-5.2,-5.5
2024-01-30 06:00:00,-5.4,-5.3,-5.2,-5.5
2024-01-30 07:00:00,-5.4,-5.3,-5.2,-5.5
2024-01-30 08:00:00,-5.3,-5.3,-5.1,-5.5
2024-01-30 09:00:00,-3.5,-4.5,-3.5,-5.4
2024-01-30 10:00:00,-0.9,-2.1,-0.9,-3.4
2024-01-30 11:00:00,1.3,0.4,1.4,-0.9
2024-01-30 12:00:00,2.9,2.1,3.3,1.3
2024-01-30 13:00:00,5.1,3.9,5.1,2.8
2024-01-30 14:00:00,6.3,5.8,6.6,5.1
2024-01-30 15:00:00,6.6,6.6,7.0,6.2
2024-01-30 16:00:00,7.3,6.9,7.3,6.6
2024-01-30 17:00:00,6.7,7.0,7.3,6.7
2024-01-30 18:00:00,4.0,5.7,6.7,4.0
2024-01-30 19:00:00,1.5,2.6,3.9,1.5
2024-01-30 20:00:00,0.2,0.6,1.6,0.0
2024-01-30 21:00:00,-1.0,-0.6,0.0,-1.0
2024-01-30 22:00:00,-1.6,-1.3,-0.9,-1.7
2024-01-30 23:00:00,-2.2,-2.0,-1.6,-2.3
2024-01-31 00:00:00,-2.2,-2.4,-2.1,-2.7
2024-01-31 01:00:00,-1.1,-1.4,-1.0,-2.2
2024-01-31 02:00:00,-0.5,-0.7,-0.5,-1.2
2024-01-31 03:00:00,-0.5,-0.4,-0.1,-0.6
2024-01-31 04:00:00,-0.7,-0.5,-0.4,-0.8
2024-01-31 05:00:00,-0.2,-0.4,-0.1,-1.0
2024-01-31 06:00:00,0.2,0.0,0.3,-0.3
2024-01-31 07:00:00,0.1,0.2,0.5,0.0
2024-01-31 08:00:00,0.5,0.5,0.9,0.1
2024-01-31 09:00:00,1.4,1.0,1.6,0.5
2024-01-31 10:00:00,3.9,2.4,3.9,1.4
2024-01-31 11:00:00,6.1,4.9,6.2,3.8
2024-01-31 12:00:00,8.0,7.0,8.2,6.0
2024-01-31 13:00:00,9.0,9.0,9.7,8.0
2024-01-31 14:00:00,10.8,10.2,10.8,8.9
2024-01-31 15:00:00,9.7,10.3,10.9,9.7
2024-01-31 16:00:00,9.9,10.0,10.2,9.8
2024-01-31 17:00:00,9.1,9.6,10.0,9.1
2024-01-31 18:00:00,7.3,8.1,9.1,7.0
2024-01-31 19:00:00,6.2,6.7,7.3,6.2
2024-01-31 20:00:00,4.4,5.2,6.3,4.4
2024-01-31 21:00:00,3.2,4.1,4.7,3.2
2024-01-31 22:00:00,1.8,2.4,3.6,1.6
2024-01-31 23:00:00,0.6,1.0,1.8,0.4
2024-02-01 00:00:00,0.0,0.7,1.3,0.0
2024-02-01 01:00:00,-0.6,-0.2,0.3,-0.6
2024-02-01 02:00:00,0.4,-0.3,0.4,-0.7
2024-02-01 03:00:00,0.8,0.8,1.7,0.3
2024-02-01 04:00:00,-0.4,0.1,0.8,-0.5
2024-02-01 05:00:00,-1.1,-0.8,-0.3,-1.3
2024-02-01 06:00:00,-0.1,-0.9,-0.1,-1.3
2024-02-01 07:00:00,0.0,-0.1,0.1,-0.3
2024-02-01 08:00:00,-0.1,-0.1,0.2,-0.5
2024-02-01 09:00:00,0.8,0.4,0.8,-0.1
2024-02-01 10:00:00,1.5,1.1,1.6,0.8
2024-02-01 11:00:00,2.9,2.3,3.0,1.5
2024-02-01 12:00:00,4.6,3.2,4.6,2.8
2024-02-01 13:00:00,5.0,4.5,5.2,4.1
2024-02-01 14:00:00,5.5,5.3,6.0,4.7
2024-02-01 15:00:00,6.5,6.1,6.6,5.5
2024-02-01 16:00:00,6.9,6.5,6.9,6.2
2024-02-01 17:00:00,6.8,6.9,7.1,6.8
2024-02-01 18:00:00,5.1,6.2,6.8,5.1
2024-02-01 19:00:00,3.3,4.2,5.2,3.2
2024-02-01 20:00:00,3.1,3.0,3.9,2.3
2024-02-01 21:00:00,1.9,2.6,3.3,1.8
2024-02-01 22:00:00,1.7,1.4,2.3,0.8
2024-02-01 23:00:00,2.8,2.5,2.9,1.5
2024-02-02 00:00:00,2.4,2.6,2.8,2.3
2024-02-02 01:00:00,2.4,2.4,2.6,2.3
2024-02-02 02:00:00,2.6,2.4,2.7,2.2
2024-02-02 03:00:00,2.7,2.6,2.8,2.5
2024-02-02 04:00:00,2.6,2.6,2.8,2.5
2024-02-02 05:00:00,2.2,2.3,2.6,2.2
2024-02-02 06:00:00,2.0,2.1,2.4,1.9
2024-02-02 07:00:00,1.8,1.9,2.1,1.8
2024-02-02 08:00:00,1.1,1.6,1.9,1.0
2024-02-02 09:00:00,2.3,1.8,2.3,1.0
2024-02-02 10:00:00,3.2,2.7,3.2,2.3
2024-02-02 11:00:00,4.1,3.6,4.3,3.2
2024-02-02 12:00:00,5.1,4.7,5.5,4.0
2024-02-02 13:00:00,5.7,5.7,6.5,5.0
2024-02-02 14:00:00,7.0,6.3,7.0,5.8
2024-02-02 15:00:00,6.7,6.6,7.0,6.5
2024-02-02 16:00:00,6.8,6.7,7.1,6.5
2024-02-02 17:00:00,6.3,6.5,6.8,6.3
2024-02-02 18:00:00,5.1,5.6,6.4,5.1
2024-02-02 19:00:00,3.1,4.3,5.0,3.1
2024-02-02 20:00:00,2.7,2.8,3.6,2.2
2024-02-02 21:00:00,1.5,2.1,2.9,1.4
2024-02-02 22:00:00,0.3,0.9,1.5,0.2
2024-02-02 23:00:00,-0.5,-0.1,0.3,-0.6
2024-02-03 00:00:00,-1.1,-0.8,-0.4,-1.1
2024-02-03 01:00:00,-1.7,-1.5,-1.1,-1.8
2024-02-03 02:00:00,-2.2,-2.0,-1.6,-2.3
2024-02-03 03:00:00,-2.5,-2.4,-2.2,-2.6
2024-02-03 04:00:00,-2.1,-2.2,-1.9,-2.6
2024-02-03 05:00:00,-1.2,-1.7,-1.2,-2.1
2024-02-03 06:00:00,-0.9,-0.9,-0.7,-1.2
2024-02-03 07:00:00,-0.2,-0.4,-0.1,-0.9
2024-02-03 08:00:00,0.1,-0.1,0.2,-0.3
2024-02-03 09:00:00,1.5,0.9,1.5,0.1
2024-02-03 10:00:00,3.8,2.7,3.8,1.6
2024-02-03 11:00:00,5.5,4.5,5.5,3.9
2024-02-03 12:00:00,6.6,5.9,6.6,5.5
2024-02-03 13:00:00,7.7,7.1,7.7,6.6
2024-02-03 14:00:00,8.4,8.1,8.5,7.6
2024-02-03 15:00:00,8.1,8.2,8.4,8.1
2024-02-03 16:00:00,7.6,7.8,8.1,7.6
2024-02-03 17:00:00,7.0,7.3,7.7,7.0
2024-02-03 18:00:00,6.4,6.8,7.1,6.4
2024-02-03 19:00:00,6.2,6.4,6.6,6.2
2024-02-03 20:00:00,6.0,6.0,6.2,5.8
2024-02-03 21:00:00,5.2,5.5,6.1,5.2
2024-02-03 22:00:00,4.1,4.4,5.2,4.1
2024-02-03 23:00:00,3.4,3.6,4.1,3.4
2024-02-04 00:00:00,2.9,3.2,3.5,2.9
2024-02-04 01:00:00,3.0,2.9,3.0,2.8
2024-02-04 02:00:00,3.0,2.9,3.1,2.9
2024-02-04 03:00:00,3.0,3.0,3.1,2.9
2024-02-04 04:00:00,3.0,3.0,3.2,3.0
2024-02-04 05:00:00,3.1,3.0,3.2,3.0
2024-02-04 06:00:00,3.1,3.0,3.1,2.9
2024-02-04 07:00:00,3.6,3.2,3.6,3.0
2024-02-04 08:00:00,3.7,3.7,3.9,3.6
2024-02-04 09:00:00,4.0,3.7,4.0,3.5
2024-02-04 10:00:00,5.0,4.4,5.1,3.9
2024-02-04 11:00:00,8.0,6.4,8.0,5.0
2024-02-04 12:00:00,8.7,8.1,8.8,7.6
2024-02-04 13:00:00,9.0,9.1,9.8,8.3
2024-02-04 14:00:00,10.6,9.7,10.7,9.0
2024-02-04 15:00:00,9.8,10.1,10.5,9.7
2024-02-04 16:00:00,10.2,10.1,10.5,9.7
2024-02-04 17:00:00,9.7,9.9,10.3,9.6
2024-02-04 18:00:00,9.0,9.3,9.7,8.8
2024-02-04 19:00:00,8.6,8.7,9.2,8.2
2024-02-04 20:00:00,7.4,7.8,8.7,7.3
2024-02-04 21:00:00,7.4,7.4,7.9,7.2
2024-02-04 22:00:00,7.3,7.4,7.7,7.2
2024-02-04 23:00:00,7.5,7.3,7.6,7.0
2024-02-05 00:00:00,6.9,7.2,7.5,6.9
2024-02-05 01:00:00,6.3,6.5,6.9,6.3
2024-02-05 02:00:00,4.9,5.6,6.4,4.9
2024-02-05 03:00:00,3.4,3.9,4.8,3.4
2024-02-05 04:00:00,3.4,3.3,3.5,3.3
2024-02-05 05:00:00,3.3,3.3,3.5,3.2
2024-02-05 06:00:00,4.1,3.8,4.1,3.3
2024-02-05 07:00:00,4.0,4.3,4.5,4.0
2024-02-05 08:00:00,3.6,3.8,4.1,3.6
2024-02-05 09:00:00,3.5,3.5,3.6,3.5
2024-02-05 10:00:00,3.3,3.3,3.5,3.3
2024-02-05 11:00:00,3.8,3.5,3.8,3.3
2024-02-05 12:00:00,3.4,3.6,3.8,3.4
2024-02-05 13:00:00,2.9,3.0,3.4,2.8
2024-02-05 14:00:00,3.1,2.8,3.1,2.7
2024-02-05 15:00:00,3.5,3.1,3.5,2.9
2024-02-05 16:00:00,3.2,3.2,3.6,3.1
2024-02-05 17:00:00,2.4,2.8,3.2,2.4
2024-02-05 18:00:00,1.2,1.8,2.4,1.2
2024-02-05 19:00:00,0.6,0.7,1.1,0.5
2024-02-05 20:00:00,0.5,0.5,0.7,0.5
2024-02-05 21:00:00,0.3,0.5,0.7,0.3
2024-02-05 22:00:00,0.0,0.2,0.4,0.0
2024-02-05 23:00:00,0.0,0.0,0.1,-0.1
2024-02-06 00:00:00,0.0,0.0,0.1,-0.1
2024-02-06 01:00:00,-0.1,0.0,0.0,-0.2
2024-02-06 02:00:00,-0.2,-0.1,-0.1,-0.2
2024-02-06 03:00:00,-0.2,-0.1,-0.1,-0.2
2024-02-06 04:00:00,-0.3,-0.3,-0.2,-0.4
2024-02-06 05:00:00,-0.3,-0.3,-0.2,-0.5
2024-02-06 06:00:00,-0.2,-0.1,0.0,-0.3
2024-02-06 07:00:00,-0.3,-0.1,-0.1,-0.3
2024-02-06 08:00:00,0.2,0.0,0.2,-0.3
2024-02-06 09:00:00,0.4,0.3,0.5,0.1
2024-02-06 10:00:00,0.6,0.5,0.7,0.4
2024-02-06 11:00:00,1.6,1.0,1.6,0.6
2024-02-06 12:00:00,2.1,1.7,2.2,1.4
2024-02-06 13:00:00,2.4,2.2,2.8,2.0
2024-02-06 14:00:00,3.4,2.9,3.5,2.4
2024-02-06 15:00:00,3.6,3.2,3.6,3.1
2024-02-06 16:00:00,3.4,3.3,3.6,3.2
2024-02-06 17:00:00,3.0,3.1,3.4,3.0
2024-02-06 18:00:00,2.7,2.8,3.1,2.7
2024-02-06 19:00:00,2.1,2.3,2.7,2.1
2024-02-06 20:00:00,1.7,1.8,2.1,1.6
2024-02-06 21:00:00,1.7,1.7,1.8,1.6
2024-02-06 22:00:00,1.3,1.4,1.6,1.3
2024-02-06 23:00:00,1.1,1.2,1.4,1.1
2024-02-07 00:00:00,1.1,1.0,1.2,0.9
2024-02-07 01:00:00,0.9,0.9,1.1,0.9
2024-02-07 02:00:00,0.7,0.7,0.9,0.7
2024-02-07 03:00:00,0.7,0.6,0.7,0.6
2024-02-07 04:00:00,0.3,0.4,0.8,0.3
2024-02-07 05:00:00,0.2,0.2,0.3,0.2
2024-02-07 06:00:00,0.2,0.2,0.3,0.2
2024-02-07 07:00:00,0.4,0.2,0.4,0.1
2024-02-07 08:00:00,0.3,0.3,0.5,0.3
2024-02-07 09:00:00,0.5,0.5,0.7,0.3
2024-02-07 10:00:00,1.0,0.8,1.1,0.5
2024-02-07 11:00:00,1.3,1.1,1.4,1.0
2024-02-07 12:00:00,1.4,1.3,1.6,1.1
2024-02-07 13:00:00,2.4,2.0,2.5,1.4
2024-02-07 14:00:00,2.4,2.1,2.5,2.0
2024-02-07 15:00:00,2.3,2.4,2.7,2.3
2024-02-07 16:00:00,2.3,2.3,2.5,2.2
2024-02-07 17:00:00,2.3,2.2,2.4,2.2
2024-02-07 18:00:00,2.1,2.1,2.4,2.1
2024-02-07 19:00:00,0.9,1.7,2.2,0.9
2024-02-07 20:00:00,1.3,1.2,1.5,0.9
2024-02-07 21:00:00,-0.2,0.3,1.2,-0.2
2024-02-07 22:00:00,-1.1,-0.9,-0.3,-1.3
2024-02-07 23:00:00,-2.1,-1.6,-1.2,-2.1
2024-02-08 00:00:00,-2.5,-2.2,-1.9,-2.6
2024-02-08 01:00:00,-3.1,-2.8,-2.5,-3.1
2024-02-08 02:00:00,-3.5,-3.2,-3.1,-3.5
2024-02-08 03:00:00,-3.9,-3.6,-3.4,-3.9
2024-02-08 04:00:00,-4.1,-3.9,-3.8,-4.1
2024-02-08 05:00:00,-4.2,-4.1,-4.0,-4.3
2024-02-08 06:00:00,-4.1,-4.2,-4.1,-4.4
2024-02-08 07:00:00,-4.1,-4.2,-4.0,-4.3
2024-02-08 08:00:00,-4.0,-4.1,-3.9,-4.3
2024-02-08 09:00:00,-2.0,-3.2,-2.0,-4.0
2024-02-08 10:00:00,0.5,-0.7,0.5,-1.9
2024-02-08 11:00:00,1.7,1.4,2.4,0.5
2024-02-08 12:00:00,3.3,2.6,3.5,1.8
2024-02-08 13:00:00,4.7,3.7,4.7,3.2
2024-02-08 14:00:00,5.4,4.8,5.5,4.2
2024-02-08 15:00:00,5.1,5.0,5.6,4.5
2024-02-08 16:00:00,5.4,5.4,5.7,5.1
2024-02-08 17:00:00,5.3,5.4,5.9,5.2
2024-02-08 18:00:00,3.9,4.7,5.4,3.9
2024-02-08 19:00:00,2.1,3.1,3.9,2.1
2024-02-08 20:00:00,0.9,1.6,2.3,0.9
2024-02-08 21:00:00,-0.1,0.5,1.0,-0.1
2024-02-08 22:00:00,-0.5,-0.2,0.0,-0.5
2024-02-08 23:00:00,-1.5,-1.0,-0.4,-1.5
2024-02-09 00:00:00,-2.1,-1.8,-1.6,-2.1
2024-02-09 01:00:00,-2.7,-2.4,-2.1,-2.7
2024-02-09 02:00:00,-3.1,-2.9,-2.7,-3.1
2024-02-09 03:00:00,-3.0,-2.9,-2.8,-3.1
2024-02-09 04:00:00,-3.1,-3.1,-3.0,-3.2
2024-02-09 05:00:00,-3.5,-3.1,-3.0,-3.5
2024-02-09 06:00:00,-3.9,-3.7,-3.5,-4.0
2024-02-09 07:00:00,-3.8,-3.9,-3.8,-4.1
2024-02-09 08:00:00,-4.0,-4.1,-3.8,-4.3
2024-02-09 09:00:00,-1.8,-3.1,-1.8,-3.9
2024-02-09 10:00:00,0.5,-0.4,0.5,-1.7
2024-02-09 11:00:00,2.3,1.4,2.3,0.6
2024-02-09 12:00:00,4.3,3.2,4.4,2.4
2024-02-09 13:00:00,4.7,3.8,4.7,3.5
2024-02-09 14:00:00,5.0,4.6,5.0,4.3
2024-02-09 15:00:00,5.3,4.9,5.4,4.5
2024-02-09 16:00:00,4.9,4.9,5.6,4.6
2024-02-09 17:00:00,4.1,4.5,5.0,4.1
2024-02-09 18:00:00,2.9,3.5,4.1,2.9
2024-02-09 19:00:00,2.0,2.4,2.9,2.0
2024-02-09 20:00:00,1.3,1.7,2.0,1.3
2024-02-09 21:00:00,0.2,0.8,1.3,0.2
2024-02-09 22:00:00,-1.3,-0.5,0.6,-1.3
2024-02-09 23:00:00,-1.7,-1.5,-1.1,-1.9
2024-02-10 00:00:00,-2.4,-2.0,-1.7,-2.4
2024-02-10 01:00:00,-2.6,-2.4,-2.2,-2.6
2024-02-10 02:00:00,-3.0,-2.8,-2.5,-3.1
2024-02-10 03:00:00,-3.7,-3.3,-3.0,-3.8
2024-02-10 04:00:00,-3.9,-3.6,-3.3,-3.9
2024-02-10 05:00:00,-3.9,-3.8,-3.6,-3.9
2024-02-10 06:00:00,-3.9,-3.8,-3.8,-4.0
2024-02-10 07:00:00,-3.7,-3.7,-3.6,-3.9
2024-02-10 08:00:00,-3.2,-3.5,-3.2,-3.7
2024-02-10 09:00:00,-0.2,-1.4,-0.2,-3.2
2024-02-10 10:00:00,1.3,0.4,1.3,-0.2
2024-02-10 11:00:00,3.8,2.6,3.8,1.3
2024-02-10 12:00:00,4.9,4.3,4.9,3.7
2024-02-10 13:00:00,6.1,5.3,6.1,5.0
2024-02-10 14:00:00,6.3,6.1,6.5,5.7
2024-02-10 15:00:00,6.6,6.5,6.9,6.2
2024-02-10 16:00:00,6.4,6.5,6.9,6.3
2024-02-10 17:00:00,5.7,6.1,6.6,5.6
2024-02-10 18:00:00,4.1,4.8,5.6,4.1
2024-02-10 19:00:00,3.0,3.5,4.1,3.0
2024-02-10 20:00:00,2.1,2.4,2.9,2.1
2024-02-10 21:00:00,0.6,1.4,2.0,0.5
2024-02-10 22:00:00,-0.7,0.0,0.7,-0.7
2024-02-10 23:00:00,-1.5,-1.2,-0.6,-1.6
2024-02-11 00:00:00,-2.3,-1.9,-1.5,-2.3
2024-02-11 01:00:00,-2.6,-2.5,-2.3,-2.8
2024-02-11 02:00:00,-3.4,-3.1,-2.7,-3.4
2024-02-11 03:00:00,-3.8,-3.4,-3.2,-3.8
2024-02-11 04:00:00,-4.1,-3.8,-3.6,-4.3
2024-02-11 05:00:00,-4.8,-4.3,-3.8,-4.9
2024-02-11 06:00:00,-4.9,-4.7,-4.4,-4.9
2024-02-11 07:00:00,-5.3,-5.2,-4.9,-5.4
2024-02-11 08:00:00,-3.9,-4.6,-3.8,-5.4
2024-02-11 09:00:00,-1.3,-2.9,-1.3,-4.0
2024-02-11 10:00:00,0.8,0.0,0.8,-1.4
2024-02-11 11:00:00,2.6,1.7,2.8,0.9
2024-02-11 12:00:00,3.5,3.1,3.7,2.4
2024-02-11 13:00:00,4.6,4.0,5.0,3.5
2024-02-11 14:00:00,5.2,4.6,5.2,4.4
2024-02-11 15:00:00,4.9,5.3,6.0,4.9
2024-02-11 16:00:00,4.9,4.6,5.2,4.0
2024-02-11 17:00:00,4.1,4.4,5.1,4.0
2024-02-11 18:00:00,3.8,3.9,4.2,3.7
2024-02-11 19:00:00,3.2,3.4,3.8,3.2
2024-02-11 20:00:00,2.6,2.8,3.2,2.6
2024-02-11 21:00:00,0.3,1.5,2.6,0.3
2024-02-11 22:00:00,0.7,0.2,0.7,-0.1
2024-02-11 23:00:00,-0.5,-0.4,0.7,-0.9
2024-02-12 00:00:00,-1.6,-1.1,-0.5,-1.6
2024-02-12 01:00:00,-2.3,-1.9,-1.6,-2.3
2024-02-12 02:00:00,-2.6,-2.4,-2.1,-2.7
2024-02-12 03:00:00,-2.9,-2.9,-2.7,-3.4
2024-02-12 04:00:00,-3.7,-3.4,-2.8,-3.8
2024-02-12 05:00:00,-4.1,-3.8,-3.6,-4.2
2024-02-12 06:00:00,-4.1,-4.1,-3.6,-4.3
2024-02-12 07:00:00,-4.2,-4.1,-3.8,-4.2
2024-02-12 08:00:00,-3.5,-3.9,-3.5,-4.2
2024-02-12 09:00:00,-1.0,-2.4,-1.0,-3.5
2024-02-12 10:00:00,1.6,0.2,1.6,-1.0
2024-02-12 11:00:00,3.9,2.8,3.9,1.6
2024-02-12 12:00:00,5.4,4.7,5.5,3.9
2024-02-12 13:00:00,7.1,6.2,7.2,5.4
2024-02-12 14:00:00,8.2,7.6,8.5,6.9
2024-02-12 15:00:00,9.0,8.6,9.0,8.2
2024-02-12 16:00:00,9.3,9.1,9.7,8.9
2024-02-12 17:00:00,9.6,9.3,9.7,9.1
2024-02-12 18:00:00,8.4,9.0,9.7,8.4
2024-02-12 19:00:00,7.1,7.6,8.3,6.8
2024-02-12 20:00:00,4.7,5.6,7.1,4.5
2024-02-12 21:00:00,3.7,3.6,4.6,3.1
2024-02-12 22:00:00,1.8,2.4,3.5,1.8
2024-02-12 23:00:00,1.1,1.5,2.3,1.1
2024-02-13 00:00:00,0.6,0.9,1.3,0.6
2024-02-13 01:00:00,2.7,1.5,2.7,0.6
2024-02-13 02:00:00,1.0,1.3,2.7,0.4
2024-02-13 03:00:00,0.3,0.6,1.0,0.3
2024-02-13 04:00:00,0.2,0.1,0.4,-0.1
2024-02-13 05:00:00,-0.3,-0.1,0.2,-0.3
2024-02-13 06:00:00,-0.3,-0.2,0.2,-0.5
2024-02-13 07:00:00,0.1,-0.1,0.1,-0.4
2024-02-13 08:00:00,0.4,0.1,0.7,-0.4
2024-02-13 09:00:00,4.0,1.8,4.1,0.4
2024-02-13 10:00:00,7.9,6.4,7.9,4.1
2024-02-13 11:00:00,10.7,9.2,10.7,8.0
2024-02-13 12:00:00,11.8,11.4,12.0,10.7
2024-02-13 13:00:00,12.1,12.1,12.4,11.8
2024-02-13 14:00:00,13.8,12.9,13.8,12.1
2024-02-13 15:00:00,13.7,13.6,13.9,13.5
2024-02-13 16:00:00,13.9,13.6,14.0,13.5
2024-02-13 17:00:00,13.6,13.7,14.0,13.6
2024-02-13 18:00:00,12.7,13.2,13.6,12.7
2024-02-13 19:00:00,11.5,12.0,12.7,11.5
2024-02-13 20:00:00,11.3,11.4,11.7,11.0
2024-02-13 21:00:00,8.7,10.0,11.5,8.5
2024-02-13 22:00:00,7.2,7.5,8.7,6.9
2024-02-13 23:00:00,6.6,6.4,7.0,6.3
2024-02-14 00:00:00,7.3,7.0,7.4,6.6
2024-02-14 01:00:00,7.9,7.6,8.3,7.3
2024-02-14 02:00:00,7.3,7.3,7.8,7.0
2024-02-14 03:00:00,7.8,7.4,7.8,7.2
2024-02-14 04:00:00,7.4,7.5,8.0,7.3
2024-02-14 05:00:00,7.8,7.6,7.9,7.3
2024-02-14 06:00:00,7.6,7.8,8.2,7.5
2024-02-14 07:00:00,8.3,8.1,8.9,7.4
2024-02-14 08:00:00,8.8,8.5,8.8,8.2
2024-02-14 09:00:00,10.0,9.2,10.0,8.6
2024-02-14 10:00:00,11.2,10.6,11.2,9.9
2024-02-14 11:00:00,12.9,11.9,12.9,11.2
2024-02-14 12:00:00,14.9,13.7,14.9,12.8
2024-02-14 13:00:00,16.4,15.6,16.4,14.9
2024-02-14 14:00:00,17.4,17.0,17.8,16.4
2024-02-14 15:00:00,17.9,17.3,17.9,17.0
2024-02-14 16:00:00,17.3,17.6,18.0,17.3
2024-02-14 17:00:00,16.6,17.0,17.2,16.6
2024-02-14 18:00:00,15.6,16.0,16.6,15.6
2024-02-14 19:00:00,14.1,14.7,15.6,14.1
2024-02-14 20:00:00,13.3,13.3,14.1,13.0
2024-02-14 21:00:00,12.1,13.0,13.4,12.1
2024-02-14 22:00:00,12.7,12.0,12.7,11.6
2024-02-14 23:00:00,12.2,12.4,12.7,12.1
2024-02-15 00:00:00,12.1,12.1,12.2,12.1
2024-02-15 01:00:00,11.9,12.0,12.2,11.9
2024-02-15 02:00:00,11.5,11.6,11.9,11.5
2024-02-15 03:00:00,11.1,11.4,11.6,11.1
2024-02-15 04:00:00,10.2,10.3,11.0,10.1
2024-02-15 05:00:00,9.9,10.2,10.4,9.9
2024-02-15 06:00:00,9.8,9.7,9.9,9.7
2024-02-15 07:00:00,9.4,9.6,9.8,9.3
2024-02-15 08:00:00,9.1,9.2,9.4,9.1
2024-02-15 09:00:00,8.7,8.9,9.2,8.7
2024-02-15 10:00:00,8.3,8.4,8.7,8.3
2024-02-15 11:00:00,6.2,7.6,8.3,6.2
2024-02-15 12:00:00,4.0,4.9,6.2,4.0
2024-02-15 13:00:00,2.5,2.9,4.0,2.4
2024-02-15 14:00:00,1.7,2.2,2.5,1.7
2024-02-15 15:00:00,1.9,1.6,2.0,1.4
2024-02-15 16:00:00,2.6,2.2,2.6,1.8
2024-02-15 17:00:00,2.6,2.4,2.7,2.3
2024-02-15 18:00:00,2.9,2.8,3.0,2.6
2024-02-15 19:00:00,3.1,2.9,3.1,2.8
2024-02-15 20:00:00,2.9,2.9,3.2,2.8
2024-02-15 21:00:00,2.7,2.7,3.0,2.4
2024-02-15 22:00:00,2.6,2.7,2.9,2.6
2024-02-15 23:00:00,2.2,2.3,2.6,2.2
2024-02-16 00:00:00,1.6,1.9,2.2,1.6
2024-02-16 01:00:00,0.9,1.0,1.6,0.7
2024-02-16 02:00:00,0.2,0.1,0.9,-0.4
2024-02-16 03:00:00,-1.0,-0.1,0.3,-1.0
2024-02-16 04:00:00,-0.9,-1.1,-0.8,-1.4
2024-02-16 05:00:00,-1.8,-1.3,-0.9,-1.9
2024-02-16 06:00:00,-1.9,-1.8,-1.4,-2.0
2024-02-16 07:00:00,-1.7,-1.7,-1.5,-2.0
2024-02-16 08:00:00,-1.0,-1.2,-1.0,-1.6
2024-02-16 09:00:00,0.0,-0.6,0.0,-1.1
2024-02-16 10:00:00,1.9,0.8,1.9,0.0
2024-02-16 11:00:00,3.7,2.8,3.7,1.9
2024-02-16 12:00:00,4.1,3.7,4.1,3.5
2024-02-16 13:00:00,5.0,4.5,5.1,4.1
2024-02-16 14:00:00,5.8,5.4,5.9,4.9
2024-02-16 15:00:00,6.0,5.8,6.5,5.5
2024-02-16 16:00:00,6.7,6.0,6.7,5.6
2024-02-16 17:00:00,6.7,6.6,6.9,6.5
2024-02-16 18:00:00,6.0,6.3,6.6,6.0
2024-02-16 19:00:00,4.5,5.2,6.0,4.4
2024-02-16 20:00:00,3.5,3.6,4.5,3.3
2024-02-16 21:00:00,1.5,2.0,3.4,1.5
2024-02-16 22:00:00,1.3,1.1,1.5,0.9
2024-02-16 23:00:00,-0.4,0.1,1.4,-0.4
2024-02-17 00:00:00,-1.1,-0.8,-0.4,-1.2
2024-02-17 01:00:00,-1.5,-1.3,-1.1,-1.6
2024-02-17 02:00:00,-1.8,-1.7,-1.5,-2.0
2024-02-17 03:00:00,-2.3,-1.9,-1.8,-2.3
2024-02-17 04:00:00,-2.6,-2.3,-2.2,-2.6
2024-02-17 05:00:00,-2.7,-2.5,-2.3,-2.7
2024-02-17 06:00:00,-2.7,-2.5,-2.3,-2.7
2024-02-17 07:00:00,-2.6,-2.3,-2.1,-2.7
2024-02-17 08:00:00,-2.2,-2.3,-2.2,-2.5
2024-02-17 09:00:00,0.6,-0.7,0.6,-2.1
2024-02-17 10:00:00,3.0,1.7,3.0,0.6
2024-02-17 11:00:00,5.4,4.1,5.4,3.0
2024-02-17 12:00:00,7.1,6.0,7.1,5.2
2024-02-17 13:00:00,8.3,7.6,8.7,6.9
2024-02-17 14:00:00,9.7,9.0,9.8,8.2
2024-02-17 15:00:00,10.2,9.8,10.2,9.5
2024-02-17 16:00:00,10.9,10.4,10.9,10.1
2024-02-17 17:00:00,10.9,10.6,11.0,10.4
2024-02-17 18:00:00,10.0,10.5,10.9,10.0
2024-02-17 19:00:00,7.0,8.8,10.0,7.0
2024-02-17 20:00:00,5.3,6.0,6.9,5.2
2024-02-17 21:00:00,4.1,4.4,5.2,3.8
2024-02-17 22:00:00,2.7,3.1,4.0,2.7
2024-02-17 23:00:00,1.9,2.3,2.7,1.9
2024-02-18 00:00:00,1.3,1.7,2.1,1.3
2024-02-18 01:00:00,0.6,0.9,1.4,0.6
2024-02-18 02:00:00,0.0,0.2,0.7,-0.2
2024-02-18 03:00:00,-0.6,-0.2,0.0,-0.6
2024-02-18 04:00:00,-0.9,-0.7,-0.4,-1.0
2024-02-18 05:00:00,-1.4,-1.1,-0.9,-1.4
2024-02-18 06:00:00,-1.3,-1.3,-1.2,-1.4
2024-02-18 07:00:00,-1.3,-1.3,-1.1,-1.6
2024-02-18 08:00:00,-0.8,-1.2,-0.8,-1.5
2024-02-18 09:00:00,2.1,0.4,2.1,-0.7
2024-02-18 10:00:00,5.5,4.0,5.6,2.2
2024-02-18 11:00:00,7.6,6.9,7.7,5.5
2024-02-18 12:00:00,8.2,8.1,8.4,7.7
2024-02-18 13:00:00,8.8,8.5,8.8,8.2
2024-02-18 14:00:00,9.5,9.1,9.5,8.8
2024-02-18 15:00:00,9.8,9.7,10.0,9.5
2024-02-18 16:00:00,9.2,9.5,9.8,9.2
2024-02-18 17:00:00,7.2,7.6,9.2,6.9
2024-02-18 18:00:00,7.2,7.2,7.7,6.9
2024-02-18 19:00:00,7.5,7.3,7.8,7.1
2024-02-18 20:00:00,7.9,7.6,7.9,7.5
2024-02-18 21:00:00,8.2,7.9,8.2,7.6
2024-02-18 22:00:00,8.6,8.3,8.7,8.1
2024-02-18 23:00:00,9.3,8.9,9.3,8.6
2024-02-19 00:00:00,9.4,9.4,9.6,9.3
2024-02-19 01:00:00,9.4,9.4,9.6,9.3
2024-02-19 02:00:00,9.7,9.5,9.7,9.3
2024-02-19 03:00:00,9.5,9.5,9.8,9.3
2024-02-19 04:00:00,9.7,9.4,9.8,9.2
2024-02-19 05:00:00,9.2,9.4,9.7,9.2
2024-02-19 06:00:00,9.6,9.5,9.8,9.3
2024-02-19 07:00:00,10.0,9.8,10.3,9.3
2024-02-19 08:00:00,10.6,10.0,10.6,9.6
2024-02-19 09:00:00,10.6,10.3,10.6,10.1
2024-02-19 10:00:00,10.9,10.6,11.0,10.4
2024-02-19 11:00:00,11.5,11.2,11.5,11.0
2024-02-19 12:00:00,12.1,11.9,12.3,11.3
2024-02-19 13:00:00,12.1,12.0,12.1,12.0
2024-02-19 14:00:00,11.5,11.6,12.1,11.5
2024-02-19 15:00:00,11.6,11.3,11.6,11.2
2024-02-19 16:00:00,10.5,11.2,11.6,10.5
2024-02-19 17:00:00,10.5,10.2,10.5,10.1
2024-02-19 18:00:00,9.5,10.0,10.5,9.5
2024-02-19 19:00:00,8.8,9.0,9.5,8.8
2024-02-19 20:00:00,7.7,8.1,8.8,7.7
2024-02-19 21:00:00,7.3,7.5,7.8,7.3
2024-02-19 22:00:00,6.7,7.0,7.3,6.7
2024-02-19 23:00:00,5.7,6.1,6.6,5.7
2024-02-20 00:00:00,5.3,5.5,5.8,5.3
2024-02-20 01:00:00,4.7,4.9,5.3,4.6
2024-02-20 02:00:00,4.8,4.8,5.0,4.6
2024-02-20 03:00:00,4.6,4.7,4.9,4.6
2024-02-20 04:00:00,3.8,4.2,4.6,3.8
2024-02-20 05:00:00,4.0,3.9,4.1,3.8
2024-02-20 06:00:00,4.0,3.9,4.1,3.7
2024-02-20 07:00:00,4.0,3.9,4.2,3.7
2024-02-20 08:00:00,4.4,4.1,4.4,3.9
2024-02-20 09:00:00,4.8,4.6,4.8,4.4
2024-02-20 10:00:00,5.7,5.4,5.8,4.8
2024-02-20 11:00:00,6.5,6.1,6.6,5.7
2024-02-20 12:00:00,7.1,6.7,7.1,6.6
2024-02-20 13:00:00,7.5,7.3,7.6,7.0
2024-02-20 14:00:00,7.6,7.6,7.8,7.5
2024-02-20 15:00:00,7.1,7.3,7.6,7.1
2024-02-20 16:00:00,6.2,6.5,7.1,6.2
2024-02-20 17:00:00,5.5,5.8,6.2,5.5
2024-02-20 18:00:00,5.0,5.2,5.5,5.0
2024-02-20 19:00:00,4.6,4.7,5.1,4.6
2024-02-20 20:00:00,4.6,4.5,4.6,4.5
2024-02-20 21:00:00,4.2,4.2,4.5,4.1
2024-02-20 22:00:00,4.5,4.4,4.5,4.2
2024-02-20 23:00:00,4.3,4.3,4.5,4.3
2024-02-21 00:00:00,4.5,4.4,4.6,4.3
2024-02-21 01:00:00,4.5,4.5,4.6,4.5
2024-02-21 02:00:00,3.9,4.1,4.6,3.8
2024-02-21 03:00:00,3.9,3.9,4.1,3.8
2024-02-21 04:00:00,3.8,3.7,3.9,3.6
2024-02-21 05:00:00,3.2,3.4,3.8,3.2
2024-02-21 06:00:00,3.0,3.1,3.2,3.0
2024-02-21 07:00:00,3.2,3.0,3.2,3.0
2024-02-21 08:00:00,3.0,3.0,3.2,2.9
2024-02-21 09:00:00,3.0,3.0,3.1,2.9
2024-02-21 10:00:00,3.3,3.2,3.4,3.0
2024-02-21 11:00:00,3.5,3.3,3.5,3.2
2024-02-21 12:00:00,3.4,3.4,3.7,3.3
2024-02-21 13:00:00,3.0,3.1,3.4,3.0
2024-02-21 14:00:00,2.3,2.6,3.0,2.3
2024-02-21 15:00:00,2.1,2.0,2.3,1.9
2024-02-21 16:00:00,2.4,2.1,2.4,2.0
2024-02-21 17:00:00,2.4,2.4,2.6,2.3
2024-02-21 18:00:00,2.0,2.2,2.4,2.0
2024-02-21 19:00:00,1.4,1.7,2.1,1.4
2024-02-21 20:00:00,0.7,1.0,1.4,0.7
2024-02-21 21:00:00,0.5,0.6,0.8,0.3
2024-02-21 22:00:00,0.1,0.2,0.5,0.0
2024-02-21 23:00:00,-0.1,0.0,0.1,-0.1
2024-02-22 00:00:00,-0.1,0.0,0.0,-0.1
2024-02-22 01:00:00,-0.2,-0.1,-0.1,-0.2
2024-02-22 02:00:00,-0.3,-0.2,-0.2,-0.3
2024-02-22 03:00:00,-0.4,-0.3,-0.3,-0.4
2024-02-22 04:00:00,-0.5,-0.4,-0.4,-0.5
2024-02-22 05:00:00,-0.7,-0.5,-0.5,-0.7
2024-02-22 06:00:00,-0.7,-0.6,-0.6,-0.8
2024-02-22 07:00:00,-0.9,-0.7,-0.6,-0.9
2024-02-22 08:00:00,-0.9,-0.9,-0.8,-1.0
2024-02-22 09:00:00,-0.4,-0.7,-0.4,-0.9
2024-02-22 10:00:00,-0.2,-0.2,-0.1,-0.4
2024-02-22 11:00:00,-0.1,0.0,0.1,-0.3
2024-02-22 12:00:00,0.5,0.1,0.6,-0.2
2024-02-22 13:00:00,1.1,0.8,1.3,0.4
2024-02-22 14:00:00,1.2,1.1,1.3,1.0
2024-02-22 15:00:00,1.7,1.4,1.7,1.1
2024-02-22 16:00:00,1.5,1.6,1.9,1.5
2024-02-22 17:00:00,1.1,1.2,1.5,1.0
2024-02-22 18:00:00,0.8,0.9,1.1,0.8
2024-02-22 19:00:00,0.5,0.6,0.8,0.5
2024-02-22 20:00:00,0.7,0.7,0.9,0.5
2024-02-22 21:00:00,0.9,0.7,0.9,0.6
2024-02-22 22:00:00,0.7,0.7,1.0,0.7
2024-02-22 23:00:00,0.1,0.2,0.6,0.0
2024-02-23 00:00:00,0.0,0.0,0.1,-0.1
2024-02-23 01:00:00,-0.1,0.0,0.2,-0.1
2024-02-23 02:00:00,-0.4,-0.2,-0.1,-0.4
2024-02-23 03:00:00,-0.9,-0.5,-0.4,-0.9
2024-02-23 04:00:00,-1.0,-1.0,-0.9,-1.2
2024-02-23 05:00:00,-0.9,-1.0,-0.8,-1.2
2024-02-23 06:00:00,-0.6,-0.6,-0.6,-0.9
2024-02-23 07:00:00,-0.5,-0.4,-0.4,-0.5
2024-02-23 08:00:00,-0.2,-0.4,-0.2,-0.6
2024-02-23 09:00:00,0.5,0.0,0.5,-0.2
2024-02-23 10:00:00,1.5,1.0,1.7,0.5
2024-02-23 11:00:00,2.5,2.1,2.8,1.5
2024-02-23 12:00:00,3.4,3.1,4.3,2.5
2024-02-23 13:00:00,4.8,4.0,4.8,3.2
2024-02-23 14:00:00,5.5,5.0,5.5,4.3
2024-02-23 15:00:00,5.9,5.7,6.0,5.4
2024-02-23 16:00:00,5.4,5.5,5.9,5.3
2024-02-23 17:00:00,5.2,5.4,5.6,5.2
2024-02-23 18:00:00,4.7,4.9,5.3,4.6
2024-02-23 19:00:00,3.7,4.0,4.6,3.7
2024-02-23 20:00:00,2.8,3.2,3.7,2.8
2024-02-23 21:00:00,2.0,2.3,2.8,1.9
2024-02-23 22:00:00,1.2,1.5,1.9,1.1
2024-02-23 23:00:00,0.8,0.9,1.2,0.8
2024-02-24 00:00:00,0.8,0.7,0.9,0.6
2024-02-24 01:00:00,0.3,0.4,0.8,0.2
2024-02-24 02:00:00,0.0,0.0,0.3,-0.2
2024-02-24 03:00:00,-0.4,-0.1,0.0,-0.4
2024-02-24 04:00:00,-0.4,-0.5,-0.2,-0.7
2024-02-24 05:00:00,-1.2,-1.0,-0.4,-1.3
2024-02-24 06:00:00,-1.0,-0.9,-0.6,-1.4
2024-02-24 07:00:00,-0.8,-0.8,-0.6,-1.2
2024-02-24 08:00:00,-0.6,-0.8,-0.5,-1.1
2024-02-24 09:00:00,0.3,-0.1,0.3,-0.6
2024-02-24 10:00:00,1.8,0.9,1.8,0.2
2024-02-24 11:00:00,2.6,2.2,2.7,1.4
2024-02-24 12:00:00,3.9,3.2,3.9,2.6
2024-02-24 13:00:00,4.4,4.0,4.4,3.7
2024-02-24 14:00:00,5.2,4.8,5.3,4.4
2024-02-24 15:00:00,5.9,5.6,6.0,5.2
2024-02-24 16:00:00,5.5,5.7,5.9,5.5
2024-02-24 17:00:00,5.3,5.5,5.7,5.3
2024-02-24 18:00:00,4.2,4.6,5.3,4.2
2024-02-24 19:00:00,2.1,3.1,4.2,2.1
2024-02-24 20:00:00,1.3,1.7,2.1,1.3
2024-02-24 21:00:00,1.3,1.1,1.4,1.1
2024-02-24 22:00:00,1.1,1.0,1.3,0.9
2024-02-24 23:00:00,1.1,1.1,1.2,1.0
2024-02-25 00:00:00,0.8,1.0,1.1,0.8
2024-02-25 01:00:00,0.7,0.7,0.8,0.7
2024-02-25 02:00:00,0.7,0.7,0.8,0.7
2024-02-25 03:00:00,0.6,0.6,0.7,0.5
2024-02-25 04:00:00,0.6,0.5,0.7,0.5
2024-02-25 05:00:00,0.6,0.6,0.6,0.6
2024-02-25 06:00:00,0.6,0.6,0.8,0.6
2024-02-25 07:00:00,0.5,0.4,0.6,0.3
2024-02-25 08:00:00,0.8,0.7,0.9,0.5
2024-02-25 09:00:00,1.4,1.1,1.5,0.8
2024-02-25 10:00:00,2.1,1.8,2.1,1.4
2024-02-25 11:00:00,2.8,2.4,3.0,2.0
2024-02-25 12:00:00,3.9,3.1,3.9,2.9
2024-02-25 13:00:00,5.0,4.2,5.0,3.7
2024-02-25 14:00:00,5.2,5.0,5.4,4.5
2024-02-25 15:00:00,5.4,5.0,5.4,4.7
2024-02-25 16:00:00,6.3,5.6,6.3,5.3
2024-02-25 17:00:00,6.1,6.1,6.5,5.7
2024-02-25 18:00:00,5.5,5.9,6.2,5.5
2024-02-25 19:00:00,4.0,4.9,5.5,4.0
2024-02-25 20:00:00,3.2,3.4,4.1,3.0
2024-02-25 21:00:00,1.7,2.3,3.1,1.7
2024-02-25 22:00:00,1.5,1.3,1.8,1.0
2024-02-25 23:00:00,0.9,1.2,1.7,0.8
2024-02-26 00:00:00,-0.4,0.1,1.0,-0.4
2024-02-26 01:00:00,-1.2,-0.8,-0.4,-1.2
2024-02-26 02:00:00,-1.3,-1.2,-1.0,-1.6
2024-02-26 03:00:00,-1.9,-1.6,-1.3,-1.9
2024-02-26 04:00:00,-2.2,-2.0,-1.8,-2.2
2024-02-26 05:00:00,-2.1,-2.1,-2.0,-2.3
2024-02-26 06:00:00,-2.0,-2.1,-1.9,-2.3
2024-02-26 07:00:00,-2.2,-2.0,-1.9,-2.2
2024-02-26 08:00:00,-1.2,-1.8,-1.2,-2.2
2024-02-26 09:00:00,0.9,-0.1,0.9,-1.4
2024-02-26 10:00:00,3.2,2.1,3.2,0.9
2024-02-26 11:00:00,5.8,4.2,5.8,3.4
2024-02-26 12:00:00,7.2,5.9,7.3,5.1
2024-02-26 13:00:00,8.6,7.6,9.0,6.5
2024-02-26 14:00:00,9.4,8.9,9.6,8.3
2024-02-26 15:00:00,9.2,9.0,9.6,8.2
2024-02-26 16:00:00,8.6,9.1,9.4,8.6
2024-02-26 17:00:00,8.1,8.5,8.9,8.1
2024-02-26 18:00:00,7.8,8.0,8.2,7.8
2024-02-26 19:00:00,6.3,7.1,7.8,6.3
2024-02-26 20:00:00,5.0,5.7,6.3,5.0
2024-02-26 21:00:00,4.8,4.7,5.1,4.3
2024-02-26 22:00:00,3.1,3.9,5.0,3.0
2024-02-26 23:00:00,3.2,3.0,3.8,2.5
2024-02-27 00:00:00,2.7,2.9,3.5,2.5
2024-02-27 01:00:00,0.8,1.6,2.6,0.8
2024-02-27 02:00:00,-0.5,0.0,0.7,-0.6
2024-02-27 03:00:00,-1.1,-0.7,-0.5,-1.1
2024-02-27 04:00:00,-0.9,-1.0,-0.4,-1.2
2024-02-27 05:00:00,1.0,0.2,1.0,-0.9
2024-02-27 06:00:00,1.4,1.2,1.5,1.1
2024-02-27 07:00:00,1.4,1.3,1.5,1.2
2024-02-27 08:00:00,1.7,1.5,1.8,1.3
2024-02-27 09:00:00,2.9,2.3,2.9,1.7
2024-02-27 10:00:00,4.1,3.6,4.3,2.9
2024-02-27 11:00:00,5.6,5.1,5.8,4.1
2024-02-27 12:00:00,6.4,6.0,6.9,5.6
2024-02-27 13:00:00,7.0,6.6,7.3,6.3
2024-02-27 14:00:00,8.6,7.8,8.8,6.8
2024-02-27 15:00:00,8.9,8.3,8.9,8.0
2024-02-27 16:00:00,8.6,8.7,9.1,8.4
2024-02-27 17:00:00,8.4,8.4,8.6,8.2
2024-02-27 18:00:00,7.8,8.1,8.5,7.8
2024-02-27 19:00:00,7.2,7.5,7.8,7.2
2024-02-27 20:00:00,5.7,6.5,7.1,5.7
2024-02-27 21:00:00,5.9,5.5,5.9,5.2
2024-02-27 22:00:00,5.1,5.8,6.4,5.1
2024-02-27 23:00:00,4.5,4.7,5.2,4.3
2024-02-28 00:00:00,4.8,4.7,5.2,4.4
2024-02-28 01:00:00,4.1,4.3,4.9,3.8
2024-02-28 02:00:00,4.2,4.1,4.4,4.0
2024-02-28 03:00:00,4.0,3.9,4.2,3.7
2024-02-28 04:00:00,3.6,3.8,4.0,3.5
2024-02-28 05:00:00,3.6,3.5,3.6,3.3
2024-02-28 06:00:00,3.3,3.4,3.6,3.2
2024-02-28 07:00:00,3.2,3.2,3.4,3.2
2024-02-28 08:00:00,3.3,3.0,3.3,2.9
2024-02-28 09:00:00,4.1,3.6,4.1,3.3
2024-02-28 10:00:00,5.2,4.6,5.2,4.1
2024-02-28 11:00:00,6.7,5.8,6.7,5.2
2024-02-28 12:00:00,7.7,7.1,7.9,6.5
2024-02-28 13:00:00,8.8,8.2,8.9,7.6
2024-02-28 14:00:00,10.1,9.5,10.1,8.8
2024-02-28 15:00:00,9.8,9.7,10.1,9.5
2024-02-28 16:00:00,9.9,10.0,10.5,9.8
2024-02-28 17:00:00,10.1,10.0,10.3,9.8
2024-02-28 18:00:00,9.6,9.7,10.1,9.6
2024-02-28 19:00:00,8.8,9.2,9.6,8.8
2024-02-28 20:00:00,7.7,8.3,8.8,7.6
2024-02-28 21:00:00,7.0,7.6,8.0,7.0
2024-02-28 22:00:00,6.5,6.8,7.3,6.4
2024-02-28 23:00:00,4.8,5.7,6.6,4.8
2024-02-29 00:00:00,4.4,4.4,4.8,4.2
2024-02-29 01:00:00,4.0,4.2,4.4,4.0
2024-02-29 02:00:00,2.9,3.4,4.0,2.9
2024-02-29 03:00:00,2.0,2.6,3.0,2.0
2024-02-29 04:00:00,2.0,2.0,2.2,1.9
2024-02-29 05:00:00,1.7,1.9,2.2,1.7
2024-02-29 06:00:00,2.2,1.7,2.3,1.6
2024-02-29 07:00:00,2.4,2.2,2.5,2.1
2024-02-29 08:00:00,3.5,2.6,3.5,2.1
2024-02-29 09:00:00,4.8,4.2,4.9,3.5
2024-02-29 10:00:00,6.0,5.4,6.0,4.8
2024-02-29 11:00:00,6.8,6.1,6.8,5.9
2024-02-29 12:00:00,7.4,7.1,7.5,6.8
2024-02-29 13:00:00,8.0,7.4,8.0,7.2
2024-02-29 14:00:00,8.6,8.2,8.6,7.9
2024-02-29 15:00:00,8.9,8.5,8.9,8.3
2024-02-29 16:00:00,9.6,9.1,9.6,8.9
2024-02-29 17:00:00,9.1,9.2,9.6,9.0
2024-02-29 18:00:00,8.3,8.7,9.2,8.3
2024-02-29 19:00:00,7.3,7.7,8.2,7.3
2024-02-29 20:00:00,6.4,6.9,7.3,6.4
2024-02-29 21:00:00,4.7,5.4,6.4,4.7
2024-02-29 22:00:00,3.3,4.0,4.7,3.3
2024-02-29 23:00:00,2.2,2.7,3.3,2.2
2024-03-01 00:00:00,0.8,1.5,2.1,0.8
2024-03-01 01:00:00,0.2,0.4,0.9,0.2
2024-03-01 02:00:00,-0.4,-0.1,0.2,-0.4
2024-03-01 03:00:00,-1.3,-0.9,-0.5,-1.3
2024-03-01 04:00:00,-1.9,-1.5,-1.3,-1.9
2024-03-01 05:00:00,-2.1,-2.0,-1.9,-2.1
2024-03-01 06:00:00,-2.9,-2.5,-2.1,-2.9
2024-03-01 07:00:00,-3.8,-3.3,-3.0,-3.8
2024-03-01 08:00:00,-4.4,-4.2,-3.8,-4.5
2024-03-01 09:00:00,-4.1,-4.2,-3.8,-4.5
2024-03-01 10:00:00,-2.6,-3.4,-2.6,-4.4
2024-03-01 11:00:00,-2.8,-2.8,-2.4,-3.4
2024-03-01 12:00:00,-2.1,-2.3,-1.9,-2.9
2024-03-01 13:00:00,-2.0,-1.8,-1.1,-2.6
2024-03-01 14:00:00,-2.0,-1.9,-1.5,-2.2
2024-03-01 15:00:00,-1.5,-1.4,-0.8,-2.2
2024-03-01 16:00:00,-1.9,-1.9,-1.5,-2.2
2024-03-01 17:00:00,-2.3,-1.9,-1.6,-2.3
2024-03-01 18:00:00,-3.0,-2.5,-2.2,-3.0
2024-03-01 19:00:00,-4.2,-3.6,-3.0,-4.2
2024-03-01 20:00:00,-5.0,-4.6,-4.2,-5.0
2024-03-01 21:00:00,-5.2,-5.1,-5.0,-5.3
2024-03-01 22:00:00,-5.8,-5.5,-5.2,-5.8
2024-03-01 23:00:00,-6.1,-5.9,-5.8,-6.1
2024-03-02 00:00:00,-6.4,-6.2,-6.1,-6.4
2024-03-02 01:00:00,-6.6,-6.5,-6.4,-6.7
2024-03-02 02:00:00,-6.9,-6.7,-6.6,-6.9
2024-03-02 03:00:00,-8.0,-7.6,-6.9,-8.2
2024-03-02 04:00:00,-8.4,-7.7,-7.4,-8.4
2024-03-02 05:00:00,-8.4,-8.4,-8.3,-8.5
2024-03-02 06:00:00,-8.2,-8.3,-8.2,-8.4
2024-03-02 07:00:00,-8.1,-8.2,-8.0,-8.4
2024-03-02 08:00:00,-6.5,-7.3,-6.5,-8.1
2024-03-02 09:00:00,-4.7,-5.7,-4.7,-6.5
2024-03-02 10:00:00,-2.6,-3.6,-2.6,-4.6
2024-03-02 11:00:00,-0.4,-1.4,-0.3,-2.6
2024-03-02 12:00:00,1.2,0.3,1.2,-0.4
2024-03-02 13:00:00,2.0,1.9,2.4,1.2
2024-03-02 14:00:00,3.4,2.5,3.4,1.8
2024-03-02 15:00:00,4.0,4.0,4.6,3.4
2024-03-02 16:00:00,3.7,3.8,4.1,3.5
2024-03-02 17:00:00,3.4,3.5,3.7,3.4
2024-03-02 18:00:00,2.9,3.1,3.5,2.9
2024-03-02 19:00:00,3.0,2.8,3.0,2.8
2024-03-02 20:00:00,2.7,2.7,2.9,2.6
2024-03-02 21:00:00,2.4,2.5,2.7,2.3
2024-03-02 22:00:00,2.7,2.5,2.7,2.4
2024-03-02 23:00:00,2.9,2.7,2.9,2.6
2024-03-03 00:00:00,2.9,2.8,2.9,2.8
2024-03-03 01:00:00,3.5,3.0,3.5,2.9
2024-03-03 02:00:00,4.4,4.0,4.5,3.5
2024-03-03 03:00:00,4.2,4.4,4.6,4.2
2024-03-03 04:00:00,3.6,3.8,4.3,3.6
2024-03-03 05:00:00,1.8,2.7,3.6,1.8
2024-03-03 06:00:00,0.2,0.3,1.9,-0.3
2024-03-03 07:00:00,-1.4,-0.7,0.3,-1.4
2024-03-03 08:00:00,-0.5,-1.1,-0.5,-1.4
2024-03-03 09:00:00,2.6,0.7,2.6,-0.5
2024-03-03 10:00:00,4.5,3.5,4.5,2.6
2024-03-03 11:00:00,5.7,5.0,5.8,4.1
2024-03-03 12:00:00,7.0,6.4,7.1,5.8
2024-03-03 13:00:00,6.8,6.9,7.5,6.4
2024-03-03 14:00:00,7.8,7.4,8.0,6.9
2024-03-03 15:00:00,8.1,7.9,8.4,7.6
2024-03-03 16:00:00,8.2,8.1,8.6,7.9
2024-03-03 17:00:00,7.5,8.0,8.3,7.5
2024-03-03 18:00:00,6.7,7.2,7.6,6.7
2024-03-03 19:00:00,5.7,6.1,6.6,5.7
2024-03-03 20:00:00,4.4,5.2,5.7,4.4
2024-03-03 21:00:00,3.7,4.2,4.6,3.7
2024-03-03 22:00:00,2.2,2.9,3.6,2.2
2024-03-03 23:00:00,1.8,1.7,2.6,1.2
2024-03-04 00:00:00,0.1,0.8,1.9,0.1
2024-03-04 01:00:00,-0.3,-0.1,0.4,-0.5
2024-03-04 02:00:00,-1.4,-0.8,-0.3,-1.4
2024-03-04 03:00:00,-1.6,-1.3,-1.2,-1.6
2024-03-04 04:00:00,-2.2,-1.8,-1.6,-2.2
2024-03-04 05:00:00,-1.8,-1.9,-1.7,-2.3
2024-03-04 06:00:00,-1.9,-2.0,-1.8,-2.3
2024-03-04 07:00:00,-2.1,-2.0,-1.7,-2.2
2024-03-04 08:00:00,-1.0,-1.7,-1.0,-2.2
2024-03-04 09:00:00,1.3,0.1,1.3,-1.0
2024-03-04 10:00:00,4.3,2.7,4.3,1.4
2024-03-04 11:00:00,6.4,5.2,6.4,4.3
2024-03-04 12:00:00,7.9,7.0,7.9,6.4
2024-03-04 13:00:00,9.0,8.5,9.2,7.7
2024-03-04 14:00:00,10.3,9.8,10.8,9.0
2024-03-04 15:00:00,11.1,10.6,11.1,10.2
2024-03-04 16:00:00,11.2,10.9,11.3,10.7
2024-03-04 17:00:00,11.1,11.0,11.2,10.8
2024-03-04 18:00:00,10.5,10.7,11.1,10.4
2024-03-04 19:00:00,8.8,9.9,10.6,8.8
2024-03-04 20:00:00,7.4,8.1,9.1,7.3
2024-03-04 21:00:00,6.7,7.2,7.7,6.7
2024-03-04 22:00:00,5.8,6.3,6.8,5.8
2024-03-04 23:00:00,5.1,5.5,5.9,5.0
2024-03-05 00:00:00,5.3,5.2,5.5,5.1
2024-03-05 01:00:00,5.8,5.4,5.8,5.2
2024-03-05 02:00:00,5.5,5.5,5.8,5.5
2024-03-05 03:00:00,5.5,5.5,5.8,5.4
2024-03-05 04:00:00,5.2,5.3,5.7,5.2
2024-03-05 05:00:00,4.8,4.9,5.2,4.8
2024-03-05 06:00:00,5.0,4.8,5.1,4.7
2024-03-05 07:00:00,5.7,5.3,5.7,5.0
2024-03-05 08:00:00,6.1,5.8,6.3,5.5
2024-03-05 09:00:00,7.5,6.9,7.5,6.1
2024-03-05 10:00:00,8.1,7.6,8.1,7.5
2024-03-05 11:00:00,9.5,8.8,9.5,8.1
2024-03-05 12:00:00,10.7,10.3,10.8,9.6
2024-03-05 13:00:00,11.2,10.9,11.2,10.6
2024-03-05 14:00:00,11.3,11.1,11.5,10.9
2024-03-05 15:00:00,10.9,11.1,11.3,10.8
2024-03-05 16:00:00,10.6,10.5,10.9,10.4
2024-03-05 17:00:00,10.9,10.8,10.9,10.6
2024-03-05 18:00:00,10.4,10.7,11.0,10.4
2024-03-05 19:00:00,8.7,9.6,10.4,8.7
2024-03-05 20:00:00,7.8,8.1,8.7,7.8
2024-03-05 21:00:00,7.3,7.3,7.8,6.9
2024-03-05 22:00:00,6.6,6.8,7.3,6.4
2024-03-05 23:00:00,5.6,6.2,6.7,5.6
2024-03-06 00:00:00,5.5,5.4,5.8,5.0
2024-03-06 01:00:00,4.1,4.7,5.4,4.0
2024-03-06 02:00:00,4.3,3.9,4.3,3.6
2024-03-06 03:00:00,2.9,3.2,4.2,2.8
2024-03-06 04:00:00,2.4,2.6,2.9,2.3
2024-03-06 05:00:00,1.7,2.2,2.7,1.7
2024-03-06 06:00:00,1.1,1.4,1.7,1.0
2024-03-06 07:00:00,0.8,0.9,1.2,0.8
2024-03-06 08:00:00,2.2,1.2,2.2,0.6
2024-03-06 09:00:00,4.8,3.6,4.8,2.2
2024-03-06 10:00:00,6.6,5.8,6.8,4.8
2024-03-06 11:00:00,7.6,7.3,8.0,6.6
2024-03-06 12:00:00,9.4,8.5,9.4,7.7
2024-03-06 13:00:00,9.8,9.2,10.1,8.5
2024-03-06 14:00:00,10.6,10.1,10.7,9.7
2024-03-06 15:00:00,9.8,10.3,11.0,9.8
2024-03-06 16:00:00,9.6,10.0,10.3,9.6
2024-03-06 17:00:00,9.3,9.8,10.2,9.3
2024-03-06 18:00:00,9.2,9.5,9.9,9.2
2024-03-06 19:00:00,8.0,8.4,9.2,7.8
2024-03-06 20:00:00,6.9,7.3,8.0,6.9
2024-03-06 21:00:00,5.8,6.2,6.9,5.8
2024-03-06 22:00:00,4.9,5.2,5.8,4.9
2024-03-06 23:00:00,4.4,4.7,4.9,4.4
2024-03-07 00:00:00,4.2,4.2,4.5,4.0
2024-03-07 01:00:00,3.8,3.8,4.2,3.6
2024-03-07 02:00:00,3.2,3.5,3.8,3.2
2024-03-07 03:00:00,2.5,2.8,3.4,2.5
2024-03-07 04:00:00,2.2,2.1,2.5,1.8
2024-03-07 05:00:00,2.8,2.6,3.0,2.3
2024-03-07 06:00:00,3.0,2.9,3.1,2.6
2024-03-07 07:00:00,3.0,2.9,3.1,2.9
2024-03-07 08:00:00,3.3,3.2,3.4,2.9
2024-03-07 09:00:00,4.4,3.9,4.5,3.3
2024-03-07 10:00:00,5.0,4.7,5.1,4.5
2024-03-07 11:00:00,5.4,5.5,6.0,4.9
2024-03-07 12:00:00,6.2,6.3,7.1,5.3
2024-03-07 13:00:00,7.5,6.4,7.5,5.4
2024-03-07 14:00:00,7.8,7.6,8.2,7.2
2024-03-07 15:00:00,6.5,7.2,8.1,6.5
2024-03-07 16:00:00,5.9,6.1,6.7,5.6
2024-03-07 17:00:00,5.8,5.5,6.6,4.9
2024-03-07 18:00:00,5.5,5.7,6.1,5.3
2024-03-07 19:00:00,4.3,4.8,5.5,4.3
2024-03-07 20:00:00,3.5,3.8,4.3,3.4
2024-03-07 21:00:00,2.9,3.2,3.5,2.9
2024-03-07 22:00:00,2.9,2.8,3.0,2.8
2024-03-07 23:00:00,2.6,2.7,2.9,2.6
2024-03-08 00:00:00,2.4,1.9,2.6,1.2
2024-03-08 01:00:00,1.0,1.8,2.3,1.0
2024-03-08 02:00:00,-0.7,-0.1,0.9,-0.8
2024-03-08 03:00:00,-1.1,-0.7,-0.3,-1.2
2024-03-08 04:00:00,-0.8,-1.0,-0.3,-1.6
2024-03-08 05:00:00,-1.3,-1.0,-0.7,-1.4
2024-03-08 06:00:00,-1.2,-1.5,-1.2,-1.7
2024-03-08 07:00:00,1.1,0.4,1.3,-1.3
2024-03-08 08:00:00,1.6,1.2,1.6,1.1
2024-03-08 09:00:00,3.1,2.3,3.1,1.6
2024-03-08 10:00:00,4.6,3.8,4.7,3.1
2024-03-08 11:00:00,5.5,5.1,5.7,4.7
2024-03-08 12:00:00,6.5,6.1,6.7,5.5
2024-03-08 13:00:00,6.4,6.8,7.3,6.2
2024-03-08 14:00:00,6.0,6.3,6.9,5.9
2024-03-08 15:00:00,6.1,6.3,6.9,5.9
2024-03-08 16:00:00,5.9,6.0,6.6,5.6
2024-03-08 17:00:00,5.5,5.6,5.9,5.4
2024-03-08 18:00:00,4.7,5.2,5.7,4.7
2024-03-08 19:00:00,3.2,3.9,4.7,3.2
2024-03-08 20:00:00,2.2,2.5,3.1,2.2
2024-03-08 21:00:00,1.6,1.9,2.2,1.6
2024-03-08 22:00:00,1.3,1.4,1.6,1.2
2024-03-08 23:00:00,0.8,1.1,1.4,0.8
2024-03-09 00:00:00,0.3,0.3,0.7,0.0
2024-03-09 01:00:00,-0.4,0.0,0.5,-0.7
2024-03-09 02:00:00,-1.0,-0.8,-0.4,-1.3
2024-03-09 03:00:00,-0.9,-0.4,0.0,-1.3
2024-03-09 04:00:00,-2.6,-1.7,-0.7,-2.6
2024-03-09 05:00:00,-2.4,-2.2,-1.0,-2.7
2024-03-09 06:00:00,-2.8,-2.5,-1.6,-2.9
2024-03-09 07:00:00,-2.3,-2.7,-2.2,-3.2
2024-03-09 08:00:00,-0.6,-1.5,-0.6,-2.3
2024-03-09 09:00:00,1.1,0.1,1.1,-0.7
2024-03-09 10:00:00,2.8,2.0,2.8,1.0
2024-03-09 11:00:00,4.2,3.0,4.2,2.0
2024-03-09 12:00:00,5.1,4.6,5.4,3.6
2024-03-09 13:00:00,6.5,5.8,6.8,4.6
2024-03-09 14:00:00,7.2,6.8,7.6,6.0
2024-03-09 15:00:00,7.6,7.1,7.6,6.3
2024-03-09 16:00:00,6.8,7.3,7.9,6.8
2024-03-09 17:00:00,6.2,6.4,7.1,6.0
2024-03-09 18:00:00,4.8,5.3,6.2,4.8
2024-03-09 19:00:00,3.6,4.0,4.8,3.6
2024-03-09 20:00:00,1.9,2.9,3.6,1.9
2024-03-09 21:00:00,1.9,2.1,2.3,1.8
2024-03-09 22:00:00,2.0,1.9,2.0,1.8
2024-03-09 23:00:00,1.6,1.7,2.0,1.6
2024-03-10 00:00:00,1.1,1.3,1.7,1.1
2024-03-10 01:00:00,-1.3,-0.5,1.2,-1.3
2024-03-10 02:00:00,-2.0,-1.8,-1.3,-2.0
2024-03-10 03:00:00,-2.6,-2.3,-2.0,-2.7
2024-03-10 04:00:00,-2.9,-2.5,-2.5,-2.9
2024-03-10 05:00:00,-3.2,-3.1,-2.8,-3.2
2024-03-10 06:00:00,-3.4,-3.3,-3.2,-3.5
2024-03-10 07:00:00,-3.4,-3.4,-3.4,-3.6
2024-03-10 08:00:00,-1.6,-2.6,-1.6,-3.4
2024-03-10 09:00:00,1.6,0.0,1.6,-1.5
2024-03-10 10:00:00,4.3,3.0,4.4,1.8
2024-03-10 11:00:00,6.3,5.4,6.5,4.2
2024-03-10 12:00:00,8.4,7.6,8.5,6.2
2024-03-10 13:00:00,9.4,9.1,10.7,7.7
2024-03-10 14:00:00,10.0,9.9,10.7,9.1
2024-03-10 15:00:00,10.2,10.4,11.1,9.9
2024-03-10 16:00:00,10.2,10.0,10.6,9.6
2024-03-10 17:00:00,9.3,9.8,10.4,9.2
2024-03-10 18:00:00,8.5,9.0,9.6,8.5
2024-03-10 19:00:00,7.0,7.5,8.4,7.0
2024-03-10 20:00:00,5.7,6.2,6.9,5.7
2024-03-10 21:00:00,4.5,5.2,5.8,4.4
2024-03-10 22:00:00,3.1,3.9,4.9,3.1
2024-03-10 23:00:00,1.7,2.3,3.5,1.7
2024-03-11 00:00:00,1.4,1.7,2.7,1.3
2024-03-11 01:00:00,1.7,1.5,1.8,1.3
2024-03-11 02:00:00,2.1,1.6,2.3,1.4
2024-03-11 03:00:00,1.4,1.5,2.0,1.4
2024-03-11 04:00:00,1.5,1.4,1.8,1.2
2024-03-11 05:00:00,1.6,1.7,2.4,1.5
2024-03-11 06:00:00,0.9,1.3,1.9,0.9
2024-03-11 07:00:00,1.0,0.8,1.1,0.7
2024-03-11 08:00:00,2.8,1.8,2.8,0.9
2024-03-11 09:00:00,4.1,3.4,4.1,2.8
2024-03-11 10:00:00,5.3,4.7,5.3,4.1
2024-03-11 11:00:00,6.7,5.9,6.8,5.3
2024-03-11 12:00:00,7.7,7.0,7.7,6.6
2024-03-11 13:00:00,8.8,8.1,8.8,7.7
2024-03-11 14:00:00,9.7,9.3,9.8,8.9
2024-03-11 15:00:00,10.5,10.1,10.6,9.7
2024-03-11 16:00:00,11.1,10.9,11.2,10.4
2024-03-11 17:00:00,10.7,10.9,11.3,10.7
2024-03-11 18:00:00,10.7,10.9,11.3,10.7
2024-03-11 19:00:00,9.5,10.1,10.7,9.5
2024-03-11 20:00:00,7.4,8.2,9.3,7.3
2024-03-11 21:00:00,6.3,6.5,7.3,6.0
2024-03-11 22:00:00,5.6,5.8,6.7,5.4
2024-03-11 23:00:00,4.2,4.8,5.6,4.2
2024-03-12 00:00:00,5.0,4.4,5.0,4.0
2024-03-12 01:00:00,5.5,5.2,5.6,4.9
2024-03-12 02:00:00,4.7,4.9,5.5,4.6
2024-03-12 03:00:00,3.6,4.1,4.7,3.6
2024-03-12 04:00:00,3.3,3.3,3.6,3.1
2024-03-12 05:00:00,2.7,2.7,3.4,2.3
2024-03-12 06:00:00,3.9,3.2,3.9,2.7
2024-03-12 07:00:00,4.4,3.9,4.4,3.6
2024-03-12 08:00:00,5.0,4.8,5.1,4.4
2024-03-12 09:00:00,5.6,5.4,6.0,5.0
2024-03-12 10:00:00,6.3,6.0,6.3,5.6
2024-03-12 11:00:00,7.3,6.7,7.5,6.2
2024-03-12 12:00:00,8.1,7.7,8.2,7.3
2024-03-12 13:00:00,8.4,8.3,8.7,7.9
2024-03-12 14:00:00,9.7,8.9,9.7,8.4
2024-03-12 15:00:00,8.5,8.8,9.9,8.3
2024-03-12 16:00:00,8.0,7.9,8.4,7.7
2024-03-12 17:00:00,9.2,8.9,9.3,8.0
2024-03-12 18:00:00,8.1,8.7,9.2,8.1
2024-03-12 19:00:00,6.7,7.6,8.1,6.7
2024-03-12 20:00:00,6.5,6.4,6.8,6.2
2024-03-12 21:00:00,4.7,5.5,6.4,4.7
2024-03-12 22:00:00,4.1,4.4,5.0,3.9
2024-03-12 23:00:00,3.4,3.9,4.5,3.3
2024-03-13 00:00:00,3.1,3.3,4.0,2.8
2024-03-13 01:00:00,2.9,2.7,3.1,2.3
2024-03-13 02:00:00,1.1,1.6,2.7,1.0
2024-03-13 03:00:00,1.0,0.6,1.0,0.2
2024-03-13 04:00:00,-0.1,0.0,1.0,-0.5
2024-03-13 05:00:00,-0.9,-0.4,-0.1,-1.0
2024-03-13 06:00:00,-0.5,-0.7,-0.5,-1.1
2024-03-13 07:00:00,-0.9,-0.6,-0.2,-1.0
2024-03-13 08:00:00,0.9,-0.3,0.9,-1.0
2024-03-13 09:00:00,4.7,3.2,4.7,1.0
2024-03-13 10:00:00,6.5,5.3,6.5,4.7
2024-03-13 11:00:00,8.5,7.7,8.8,6.5
2024-03-13 12:00:00,11.0,9.8,11.3,8.7
2024-03-13 13:00:00,11.3,11.3,11.9,11.1
2024-03-13 14:00:00,12.3,11.9,12.5,11.2
2024-03-13 15:00:00,11.3,11.7,12.5,11.2
2024-03-13 16:00:00,10.5,11.0,11.6,10.4
2024-03-13 17:00:00,10.0,10.2,10.7,9.8
2024-03-13 18:00:00,9.3,9.8,10.1,9.3
2024-03-13 19:00:00,8.1,8.5,9.3,8.1
2024-03-13 20:00:00,7.1,7.5,8.1,7.1
2024-03-13 21:00:00,6.1,6.7,7.1,6.1
2024-03-13 22:00:00,6.4,5.9,6.4,5.3
2024-03-13 23:00:00,4.9,5.5,6.4,4.9
2024-03-14 00:00:00,5.4,5.6,5.9,4.9
2024-03-14 01:00:00,5.6,5.6,5.9,5.4
2024-03-14 02:00:00,3.3,4.0,5.7,3.3
2024-03-14 03:00:00,3.5,3.0,4.3,2.6
2024-03-14 04:00:00,2.6,2.6,3.8,2.2
2024-03-14 05:00:00,4.1,3.2,4.1,2.5
2024-03-14 06:00:00,4.0,4.1,4.3,4.0
2024-03-14 07:00:00,2.8,3.2,3.8,2.7
2024-03-14 08:00:00,4.1,3.0,4.1,2.4
2024-03-14 09:00:00,6.3,5.2,6.3,4.1
2024-03-14 10:00:00,7.8,6.9,7.9,6.3
2024-03-14 11:00:00,9.8,8.9,10.0,7.8
2024-03-14 12:00:00,11.9,10.9,12.2,9.8
2024-03-14 13:00:00,13.6,12.6,13.6,12.0
2024-03-14 14:00:00,14.3,14.0,14.8,13.2
2024-03-14 15:00:00,15.0,14.7,15.1,14.1
2024-03-14 16:00:00,14.9,15.0,15.4,14.8
2024-03-14 17:00:00,14.2,14.5,14.9,14.2
2024-03-14 18:00:00,12.8,13.6,14.4,12.8
2024-03-14 19:00:00,11.0,11.8,12.8,11.0
2024-03-14 20:00:00,9.9,10.2,11.1,9.8
2024-03-14 21:00:00,8.4,8.9,9.9,8.4
2024-03-14 22:00:00,7.6,8.1,8.4,7.6
2024-03-14 23:00:00,6.9,7.2,7.7,6.8
2024-03-15 00:00:00,6.2,6.2,7.0,5.5
2024-03-15 01:00:00,5.2,5.7,6.5,5.1
2024-03-15 02:00:00,4.2,4.6,5.3,4.1
2024-03-15 03:00:00,5.2,4.4,5.5,3.7
2024-03-15 04:00:00,3.5,3.8,5.4,3.4
2024-03-15 05:00:00,3.0,3.2,3.5,3.0
2024-03-15 06:00:00,2.6,2.7,3.1,2.6
2024-03-15 07:00:00,2.6,2.4,2.6,2.2
2024-03-15 08:00:00,5.7,3.8,5.7,2.5
2024-03-15 09:00:00,7.5,6.5,7.5,5.8
2024-03-15 10:00:00,10.5,8.7,10.5,7.5
2024-03-15 11:00:00,11.8,11.2,12.1,10.5
2024-03-15 12:00:00,13.4,12.8,13.7,12.1
2024-03-15 13:00:00,14.6,14.2,15.0,13.5
2024-03-15 14:00:00,15.3,15.2,15.7,14.8
2024-03-15 15:00:00,15.9,15.5,15.9,15.1
2024-03-15 16:00:00,15.1,15.3,15.9,15.0
2024-03-15 17:00:00,14.8,14.9,15.2,14.7
2024-03-15 18:00:00,12.9,13.7,14.7,12.9
2024-03-15 19:00:00,11.1,11.9,12.9,11.1
2024-03-15 20:00:00,10.2,10.6,11.1,10.2
2024-03-15 21:00:00,9.4,9.6,10.2,9.3
2024-03-15 22:00:00,8.6,9.0,9.5,8.6
2024-03-15 23:00:00,8.2,8.3,8.6,8.2
2024-03-16 00:00:00,6.2,6.9,8.1,6.0
2024-03-16 01:00:00,4.9,5.4,6.2,4.9
2024-03-16 02:00:00,4.1,4.5,5.1,4.1
2024-03-16 03:00:00,4.2,3.8,4.3,3.5
2024-03-16 04:00:00,3.0,3.3,4.1,3.0
2024-03-16 05:00:00,2.7,2.8,3.0,2.7
2024-03-16 06:00:00,2.9,2.7,3.0,2.6
2024-03-16 07:00:00,3.2,2.7,3.2,2.5
2024-03-16 08:00:00,4.7,3.5,4.7,2.9
2024-03-16 09:00:00,7.8,6.4,7.8,4.8
2024-03-16 10:00:00,10.3,8.9,10.3,7.8
2024-03-16 11:00:00,12.7,11.4,12.8,10.2
2024-03-16 12:00:00,15.2,13.8,15.2,12.6
2024-03-16 13:00:00,16.1,15.9,17.1,14.9
2024-03-16 14:00:00,17.1,17.2,18.1,16.2
2024-03-16 15:00:00,17.9,17.5,18.5,16.9
2024-03-16 16:00:00,17.8,17.9,18.5,17.6
2024-03-16 17:00:00,17.5,17.8,18.2,17.5
2024-03-16 18:00:00,15.9,16.7,17.5,15.9
2024-03-16 19:00:00,14.5,15.1,15.9,14.5
2024-03-16 20:00:00,13.8,14.0,14.5,13.8
2024-03-16 21:00:00,12.8,13.2,13.8,12.7
2024-03-16 22:00:00,11.5,12.1,12.8,11.5
2024-03-16 23:00:00,11.3,11.3,11.5,10.8
2024-03-17 00:00:00,10.9,11.0,11.3,10.9
2024-03-17 01:00:00,10.5,10.6,10.9,10.5
2024-03-17 02:00:00,10.2,10.4,10.6,10.2
2024-03-17 03:00:00,10.2,10.2,10.4,10.2
2024-03-17 04:00:00,10.1,10.1,10.2,10.1
2024-03-17 05:00:00,9.8,9.9,10.1,9.8
2024-03-17 06:00:00,9.2,9.3,9.7,9.1
2024-03-17 07:00:00,8.7,8.7,9.2,8.5
2024-03-17 08:00:00,9.5,8.9,9.5,8.7
2024-03-17 09:00:00,9.9,9.7,10.0,9.5
2024-03-17 10:00:00,10.1,9.8,10.3,9.2
2024-03-17 11:00:00,9.8,10.4,10.8,9.8
2024-03-17 12:00:00,10.7,10.4,11.1,9.7
2024-03-17 13:00:00,12.3,11.1,12.3,10.4
2024-03-17 14:00:00,11.2,11.4,12.4,10.9
2024-03-17 15:00:00,11.6,11.6,12.0,11.1
2024-03-17 16:00:00,11.7,11.7,12.0,11.5
2024-03-17 17:00:00,11.3,11.4,11.9,11.1
2024-03-17 18:00:00,10.5,10.9,11.4,10.5
2024-03-17 19:00:00,9.2,9.9,10.5,9.2
2024-03-17 20:00:00,8.5,8.8,9.2,8.5
2024-03-17 21:00:00,7.4,7.8,8.5,7.4
2024-03-17 22:00:00,6.6,7.0,7.4,6.6
2024-03-17 23:00:00,5.9,6.1,6.6,5.9
2024-03-18 00:00:00,5.3,5.5,5.8,5.3
2024-03-18 01:00:00,4.9,5.0,5.5,4.3
2024-03-18 02:00:00,3.8,4.4,5.0,3.8
2024-03-18 03:00:00,3.0,3.7,4.3,2.8
2024-03-18 04:00:00,3.0,3.3,4.1,2.9
2024-03-18 05:00:00,1.6,2.1,2.9,1.4
2024-03-18 06:00:00,1.9,1.4,1.9,1.0
2024-03-18 07:00:00,1.2,1.4,2.3,0.8
2024-03-18 08:00:00,3.2,1.9,3.2,1.0
2024-03-18 09:00:00,5.8,4.5,5.8,3.3
2024-03-18 10:00:00,7.6,6.9,8.1,5.7
2024-03-18 11:00:00,10.0,8.8,10.2,7.6
2024-03-18 12:00:00,11.2,10.5,11.7,9.6
2024-03-18 13:00:00,12.7,11.8,12.7,11.2
2024-03-18 14:00:00,13.8,13.2,14.4,12.6
2024-03-18 15:00:00,13.1,13.3,14.0,12.9
2024-03-18 16:00:00,12.4,12.8,13.3,12.4
2024-03-18 17:00:00,11.6,12.2,12.9,11.6
2024-03-18 18:00:00,10.5,11.0,11.6,10.5
2024-03-18 19:00:00,9.4,9.8,10.5,9.4
2024-03-18 20:00:00,8.5,8.8,9.3,8.5
2024-03-18 21:00:00,7.8,8.0,8.4,7.7
2024-03-18 22:00:00,6.6,7.0,7.8,6.6
2024-03-18 23:00:00,6.4,6.7,7.2,6.3
2024-03-19 00:00:00,5.3,5.9,6.6,5.3
2024-03-19 01:00:00,5.1,5.2,5.8,4.9
2024-03-19 02:00:00,4.9,5.0,5.2,4.9
2024-03-19 03:00:00,6.0,5.6,6.0,4.9
2024-03-19 04:00:00,5.8,5.9,6.0,5.8
2024-03-19 05:00:00,5.9,5.7,6.0,5.4
2024-03-19 06:00:00,5.9,5.8,6.0,5.7
2024-03-19 07:00:00,5.3,5.5,6.0,5.3
2024-03-19 08:00:00,5.8,5.5,5.8,5.3
2024-03-19 09:00:00,6.7,6.2,6.7,5.7
2024-03-19 10:00:00,8.3,7.6,8.3,6.7
2024-03-19 11:00:00,7.3,8.2,8.7,7.3
2024-03-19 12:00:00,9.0,7.4,9.0,6.9
2024-03-19 13:00:00,9.7,9.2,10.0,8.7
2024-03-19 14:00:00,10.3,10.0,10.5,9.5
2024-03-19 15:00:00,10.1,10.3,10.7,10.1
2024-03-19 16:00:00,8.6,9.5,10.2,8.6
2024-03-19 17:00:00,8.1,8.5,8.9,8.1
2024-03-19 18:00:00,6.7,7.1,8.2,6.7
2024-03-19 19:00:00,6.9,6.8,7.0,6.7
2024-03-19 20:00:00,6.0,6.2,6.8,5.9
2024-03-19 21:00:00,5.7,5.9,6.1,5.7
2024-03-19 22:00:00,5.3,5.5,5.7,5.3
2024-03-19 23:00:00,5.0,5.1,5.3,5.0
2024-03-20 00:00:00,4.6,4.8,5.0,4.6
2024-03-20 01:00:00,4.1,4.3,4.6,4.1
2024-03-20 02:00:00,4.0,4.0,4.2,3.9
2024-03-20 03:00:00,3.6,3.7,4.0,3.5
2024-03-20 04:00:00,2.8,3.2,3.6,2.7
2024-03-20 05:00:00,2.2,2.4,2.9,1.6
2024-03-20 06:00:00,2.5,2.4,2.5,2.3
2024-03-20 07:00:00,2.2,2.2,2.4,2.1
2024-03-20 08:00:00,3.3,2.7,3.4,2.2
2024-03-20 09:00:00,4.7,4.0,4.8,3.4
2024-03-20 10:00:00,6.4,5.3,6.4,4.4
2024-03-20 11:00:00,6.9,6.3,6.9,5.8
2024-03-20 12:00:00,8.2,7.6,8.3,6.6
2024-03-20 13:00:00,7.5,7.5,8.6,6.5
2024-03-20 14:00:00,7.8,7.7,9.1,7.1
2024-03-20 15:00:00,8.9,7.8,8.9,7.1
2024-03-20 16:00:00,8.0,7.8,8.6,7.3
2024-03-20 17:00:00,6.9,7.0,8.0,6.7
2024-03-20 18:00:00,6.1,6.5,7.0,6.1
2024-03-20 19:00:00,5.0,5.5,6.1,5.0
2024-03-20 20:00:00,4.6,4.8,5.0,4.6
2024-03-20 21:00:00,4.3,4.4,4.6,4.3
2024-03-20 22:00:00,4.2,4.2,4.5,3.9
2024-03-20 23:00:00,3.5,3.9,4.2,3.5
2024-03-21 00:00:00,2.9,2.9,3.5,2.4
2024-03-21 01:00:00,1.3,2.5,3.1,1.3
2024-03-21 02:00:00,1.8,1.6,2.0,1.2
2024-03-21 03:00:00,-0.1,0.5,1.8,-0.1
2024-03-21 04:00:00,-1.0,-0.6,-0.1,-1.0
2024-03-21 05:00:00,-1.7,-1.3,-0.9,-1.7
2024-03-21 06:00:00,-1.7,-1.8,-1.7,-2.0
2024-03-21 07:00:00,-1.7,-1.6,-1.4,-1.9
2024-03-21 08:00:00,1.3,-0.2,1.3,-1.6
2024-03-21 09:00:00,3.9,2.6,4.0,1.3
2024-03-21 10:00:00,5.3,5.0,5.7,3.9
2024-03-21 11:00:00,8.6,6.9,8.7,5.5
2024-03-21 12:00:00,9.3,8.8,9.7,7.8
2024-03-21 13:00:00,9.5,10.0,10.6,9.3
2024-03-21 14:00:00,10.6,10.2,10.9,9.5
2024-03-21 15:00:00,10.7,10.7,11.1,10.3
2024-03-21 16:00:00,10.4,10.5,11.1,10.1
2024-03-21 17:00:00,10.3,10.5,10.8,10.2
2024-03-21 18:00:00,8.9,9.6,10.4,8.9
2024-03-21 19:00:00,7.5,8.0,8.9,7.5
2024-03-21 20:00:00,6.4,6.9,7.5,6.4
2024-03-21 21:00:00,5.2,6.0,6.4,5.2
2024-03-21 22:00:00,4.5,4.6,5.2,4.0
2024-03-21 23:00:00,2.9,3.3,4.4,2.8
2024-03-22 00:00:00,2.8,2.7,3.0,2.5
2024-03-22 01:00:00,3.2,3.2,3.8,2.8
2024-03-22 02:00:00,4.1,4.0,4.3,3.4
2024-03-22 03:00:00,4.7,4.6,4.9,4.2
2024-03-22 04:00:00,3.6,4.2,4.7,3.6
2024-03-22 05:00:00,4.2,4.2,4.6,3.6
2024-03-22 06:00:00,4.1,4.1,4.5,3.8
2024-03-22 07:00:00,4.1,4.0,4.3,3.6
2024-03-22 08:00:00,5.2,4.6,5.2,4.2
2024-03-22 09:00:00,7.5,6.4,7.5,5.2
2024-03-22 10:00:00,10.4,8.9,10.4,7.6
2024-03-22 11:00:00,13.0,11.5,13.1,10.2
2024-03-22 12:00:00,13.9,13.4,13.9,12.7
2024-03-22 13:00:00,15.9,14.8,16.1,13.9
2024-03-22 14:00:00,15.9,15.8,16.3,15.7
2024-03-22 15:00:00,15.7,15.8,16.3,15.6
2024-03-22 16:00:00,15.7,15.6,15.7,15.5
2024-03-22 17:00:00,15.6,15.5,15.6,15.5
2024-03-22 18:00:00,12.2,14.5,15.6,12.2
2024-03-22 19:00:00,10.7,11.4,12.3,10.7
2024-03-22 20:00:00,10.7,10.7,10.9,10.6
2024-03-22 21:00:00,10.6,10.6,10.7,10.5
2024-03-22 22:00:00,11.3,11.1,11.7,10.6
2024-03-22 23:00:00,11.5,11.4,11.7,11.1
2024-03-23 00:00:00,10.8,11.3,11.7,10.8
2024-03-23 01:00:00,11.8,11.4,11.9,10.8
2024-03-23 02:00:00,11.3,11.6,11.9,11.3
2024-03-23 03:00:00,11.4,11.4,11.6,11.3
2024-03-23 04:00:00,10.4,11.1,11.4,10.4
2024-03-23 05:00:00,9.5,9.7,10.3,9.5
2024-03-23 06:00:00,9.4,9.3,9.5,9.3
2024-03-23 07:00:00,9.1,9.3,9.6,9.1
2024-03-23 08:00:00,9.9,9.1,9.9,8.9
2024-03-23 09:00:00,11.3,10.6,11.3,9.9
2024-03-23 10:00:00,12.1,11.9,12.5,11.4
2024-03-23 11:00:00,14.0,13.5,14.1,12.0
2024-03-23 12:00:00,15.8,14.9,15.9,14.0
2024-03-23 13:00:00,16.2,16.0,16.9,14.9
2024-03-23 14:00:00,17.0,17.1,17.7,16.4
2024-03-23 15:00:00,18.0,17.7,18.4,16.9
2024-03-23 16:00:00,17.7,17.6,18.1,17.1
2024-03-23 17:00:00,17.7,17.6,18.0,17.3
2024-03-23 18:00:00,17.1,17.5,17.9,17.1
2024-03-23 19:00:00,15.3,16.2,17.1,15.3
2024-03-23 20:00:00,14.0,14.6,15.4,14.0
2024-03-23 21:00:00,13.2,13.3,14.0,12.9
2024-03-23 22:00:00,11.7,11.8,13.1,11.1
2024-03-23 23:00:00,10.0,10.9,11.7,10.0
2024-03-24 00:00:00,8.8,9.4,10.0,8.7
2024-03-24 01:00:00,7.9,8.5,8.9,7.9
2024-03-24 02:00:00,7.5,7.8,8.4,7.5
2024-03-24 03:00:00,7.3,7.2,7.7,7.0
2024-03-24 04:00:00,7.4,7.0,7.5,6.9
2024-03-24 05:00:00,7.2,7.0,7.3,6.7
2024-03-24 06:00:00,7.0,7.0,7.4,6.8
2024-03-24 07:00:00,7.4,6.9,7.4,6.7
2024-03-24 08:00:00,9.9,8.6,9.9,7.5
2024-03-24 09:00:00,13.2,11.3,13.3,10.0
2024-03-24 10:00:00,15.8,14.1,15.8,13.1
2024-03-24 11:00:00,17.8,17.0,17.8,15.9
2024-03-24 12:00:00,19.1,19.0,19.8,17.7
2024-03-24 13:00:00,20.5,20.0,20.9,19.0
2024-03-24 14:00:00,21.8,21.4,22.2,20.4
2024-03-24 15:00:00,21.6,21.4,22.0,20.6
2024-03-24 16:00:00,21.8,21.5,21.8,21.3
2024-03-24 17:00:00,21.6,21.5,21.8,21.3
2024-03-24 18:00:00,21.4,21.5,21.6,21.3
2024-03-24 19:00:00,18.0,19.7,21.4,18.0
2024-03-24 20:00:00,15.2,16.6,17.9,15.2
2024-03-24 21:00:00,14.8,14.7,15.5,13.9
2024-03-24 22:00:00,15.6,16.3,17.1,15.5
2024-03-24 23:00:00,13.8,15.0,16.0,13.7
2024-03-25 00:00:00,12.5,13.0,13.8,12.4
2024-03-25 01:00:00,11.9,12.2,12.8,11.8
2024-03-25 02:00:00,10.4,11.0,12.0,10.4
2024-03-25 03:00:00,12.4,11.2,12.4,10.1
2024-03-25 04:00:00,12.2,12.1,12.5,11.8
2024-03-25 05:00:00,12.4,12.3,12.5,12.1
2024-03-25 06:00:00,11.6,11.9,12.5,11.6
2024-03-25 07:00:00,11.2,11.2,11.6,10.9
2024-03-25 08:00:00,11.6,11.4,11.6,11.2
2024-03-25 09:00:00,11.8,11.8,12.0,11.6
2024-03-25 10:00:00,12.9,12.3,12.9,11.8
2024-03-25 11:00:00,13.5,13.2,13.7,12.9
2024-03-25 12:00:00,13.5,13.5,13.8,13.3
2024-03-25 13:00:00,14.1,13.7,14.1,13.5
2024-03-25 14:00:00,11.9,13.3,14.1,11.9
2024-03-25 15:00:00,9.7,10.4,12.1,9.6
2024-03-25 16:00:00,9.7,9.7,9.9,9.6
2024-03-25 17:00:00,9.3,9.4,9.8,9.3
2024-03-25 18:00:00,8.6,8.9,9.2,8.6
2024-03-25 19:00:00,8.2,8.3,8.6,8.2
2024-03-25 20:00:00,8.2,8.2,8.4,8.1
2024-03-25 21:00:00,7.5,7.8,8.2,7.4
2024-03-25 22:00:00,7.1,7.3,7.5,7.1
2024-03-25 23:00:00,6.9,6.9,7.1,6.8
2024-03-26 00:00:00,6.7,6.8,7.0,6.7
2024-03-26 01:00:00,6.3,6.4,6.7,6.3
2024-03-26 02:00:00,5.8,6.0,6.3,5.7
2024-03-26 03:00:00,4.7,5.3,5.8,4.7
2024-03-26 04:00:00,4.1,4.3,4.7,4.1
2024-03-26 05:00:00,3.7,3.9,4.2,3.7
2024-03-26 06:00:00,3.7,3.7,3.9,3.7
2024-03-26 07:00:00,3.5,3.5,3.8,3.4
2024-03-26 08:00:00,3.2,3.3,3.5,3.2
2024-03-26 09:00:00,3.8,3.3,3.8,3.1
2024-03-26 10:00:00,4.8,4.3,4.9,3.8
2024-03-26 11:00:00,6.9,5.9,7.1,4.9
2024-03-26 12:00:00,9.8,8.3,9.8,6.7
2024-03-26 13:00:00,10.1,9.6,10.4,8.9
2024-03-26 14:00:00,11.3,10.3,11.9,9.1
2024-03-26 15:00:00,11.5,11.0,11.6,10.5
2024-03-26 16:00:00,11.3,11.0,11.7,10.6
2024-03-26 17:00:00,11.1,11.3,11.7,11.0
2024-03-26 18:00:00,10.9,11.0,11.4,10.8
2024-03-26 19:00:00,9.9,10.4,10.9,9.9
2024-03-26 20:00:00,9.4,9.6,9.9,9.4
2024-03-26 21:00:00,9.2,9.1,9.4,9.1
2024-03-26 22:00:00,9.0,9.1,9.3,9.0
2024-03-26 23:00:00,7.8,8.6,9.2,7.8
2024-03-27 00:00:00,6.2,6.7,7.9,6.2
2024-03-27 01:00:00,5.0,5.4,6.1,5.0
2024-03-27 02:00:00,4.4,4.6,5.1,4.4
2024-03-27 03:00:00,4.0,4.2,4.5,4.0
2024-03-27 04:00:00,3.5,3.8,4.1,3.5
2024-03-27 05:00:00,3.5,3.6,3.7,3.5
2024-03-27 06:00:00,3.6,3.6,3.8,3.5
2024-03-27 07:00:00,4.5,3.9,4.7,3.6
2024-03-27 08:00:00,6.3,5.3,6.3,4.4
2024-03-27 09:00:00,8.0,7.0,8.0,6.3
2024-03-27 10:00:00,10.6,9.1,10.6,8.2
2024-03-27 11:00:00,12.1,11.2,12.1,10.3
2024-03-27 12:00:00,13.2,12.5,13.2,11.9
2024-03-27 13:00:00,14.4,13.8,14.5,13.2
2024-03-27 14:00:00,15.5,15.0,15.7,14.3
2024-03-27 15:00:00,16.0,15.8,16.2,15.4
2024-03-27 16:00:00,16.0,16.0,16.2,15.8
2024-03-27 17:00:00,15.8,16.0,16.3,15.7
2024-03-27 18:00:00,14.3,15.0,15.7,14.3
2024-03-27 19:00:00,12.8,13.4,14.3,12.8
2024-03-27 20:00:00,11.9,12.3,12.7,11.9
2024-03-27 21:00:00,11.4,11.6,11.9,11.4
2024-03-27 22:00:00,11.1,10.9,11.3,10.7
2024-03-27 23:00:00,10.5,10.8,11.3,10.5
2024-03-28 00:00:00,10.1,10.3,10.7,10.0
2024-03-28 01:00:00,10.1,10.0,10.2,9.9
2024-03-28 02:00:00,9.4,9.8,10.3,9.4
2024-03-28 03:00:00,9.4,9.5,9.8,9.4
2024-03-28 04:00:00,9.8,9.5,9.8,9.4
2024-03-28 05:00:00,9.5,9.7,10.0,9.4
2024-03-28 06:00:00,8.8,9.4,10.0,8.8
2024-03-28 07:00:00,8.9,8.7,8.9,8.6
2024-03-28 08:00:00,9.2,8.9,9.2,8.8
2024-03-28 09:00:00,9.9,9.5,9.9,9.2
2024-03-28 10:00:00,10.4,10.2,10.6,9.9
2024-03-28 11:00:00,11.2,10.7,11.2,10.4
2024-03-28 12:00:00,10.9,10.9,11.1,10.9
2024-03-28 13:00:00,10.2,10.5,11.0,10.2
2024-03-28 14:00:00,10.8,10.4,10.8,10.1
2024-03-28 15:00:00,10.6,10.5,10.8,10.5
2024-03-28 16:00:00,10.9,10.7,11.1,10.6
2024-03-28 17:00:00,11.3,11.0,11.3,10.8
2024-03-28 18:00:00,11.2,11.2,11.4,11.1
2024-03-28 19:00:00,11.3,11.2,11.4,11.2
2024-03-28 20:00:00,11.0,11.2,11.3,11.0
2024-03-28 21:00:00,10.7,10.9,11.1,10.7
2024-03-28 22:00:00,10.5,10.4,10.7,10.3
2024-03-28 23:00:00,9.7,10.1,10.6,9.7
2024-03-29 00:00:00,8.8,9.0,9.6,8.4
2024-03-29 01:00:00,7.6,8.1,8.8,7.6
2024-03-29 02:00:00,6.9,7.2,7.6,6.9
2024-03-29 03:00:00,6.1,6.3,6.9,6.0
2024-03-29 04:00:00,5.8,5.9,6.1,5.8
2024-03-29 05:00:00,5.6,5.6,5.9,5.4
2024-03-29 06:00:00,6.0,5.8,6.1,5.6
2024-03-29 07:00:00,6.1,6.0,6.1,5.9
2024-03-29 08:00:00,6.9,6.3,7.0,6.1
2024-03-29 09:00:00,7.4,7.0,7.5,6.8
2024-03-29 10:00:00,7.2,7.4,7.7,7.2
2024-03-29 11:00:00,6.5,6.8,7.2,6.5
2024-03-29 12:00:00,7.2,6.6,7.2,6.4
2024-03-29 13:00:00,9.0,7.9,9.0,7.2
2024-03-29 14:00:00,10.5,10.0,10.5,9.0
2024-03-29 15:00:00,11.3,10.7,11.4,10.4
2024-03-29 16:00:00,11.8,11.5,11.8,11.3
2024-03-29 17:00:00,12.0,11.9,12.4,11.6
2024-03-29 18:00:00,11.2,11.8,12.3,11.2
2024-03-29 19:00:00,9.8,10.5,11.2,9.8
2024-03-29 20:00:00,8.5,9.0,9.8,8.5
2024-03-29 21:00:00,8.0,8.2,8.5,8.0
2024-03-29 22:00:00,7.4,7.7,8.0,7.3
2024-03-29 23:00:00,6.1,6.7,7.4,5.9
2024-03-30 00:00:00,4.1,4.8,6.0,4.1
2024-03-30 01:00:00,5.3,4.5,5.3,3.7
2024-03-30 02:00:00,4.9,4.7,5.3,4.2
2024-03-30 03:00:00,4.4,4.7,5.0,4.2
2024-03-30 04:00:00,3.6,4.5,5.0,3.6
2024-03-30 05:00:00,2.2,3.0,3.9,2.2
2024-03-30 06:00:00,2.2,2.0,2.3,1.9
2024-03-30 07:00:00,3.0,2.4,3.0,2.1
2024-03-30 08:00:00,5.2,4.4,5.2,3.1
2024-03-30 09:00:00,7.3,5.9,7.3,5.2
2024-03-30 10:00:00,9.3,8.2,9.3,7.2
2024-03-30 11:00:00,11.9,10.4,12.2,9.0
2024-03-30 12:00:00,12.9,12.1,13.2,11.4
2024-03-30 13:00:00,15.7,13.7,15.7,12.4
2024-03-30 14:00:00,16.3,16.0,16.8,15.5
2024-03-30 15:00:00,17.1,16.3,17.1,15.6
2024-03-30 16:00:00,15.4,16.4,17.2,15.4
2024-03-30 17:00:00,12.3,13.9,15.4,12.3
2024-03-30 18:00:00,11.9,12.1,12.4,11.9
2024-03-30 19:00:00,11.2,11.5,11.9,11.2
2024-03-30 20:00:00,9.8,10.3,11.1,9.8
2024-03-30 21:00:00,8.7,9.3,9.8,8.7
2024-03-30 22:00:00,9.0,8.8,9.2,8.6
2024-03-30 23:00:00,8.4,8.6,8.9,8.4
2024-03-31 00:00:00,6.5,7.4,8.3,6.4
2024-03-31 01:00:00,6.4,6.3,6.9,6.2
2024-03-31 02:00:00,5.4,5.7,6.3,5.3
2024-03-31 03:00:00,3.0,4.3,5.5,3.0
2024-03-31 04:00:00,2.1,2.6,3.1,2.1
2024-03-31 05:00:00,1.7,1.7,2.2,1.4
2024-03-31 06:00:00,1.3,1.3,1.7,1.2
2024-03-31 07:00:00,1.7,1.3,1.8,1.1
2024-03-31 08:00:00,5.7,3.7,5.7,1.7
2024-03-31 09:00:00,8.4,7.1,8.4,5.8
2024-03-31 10:00:00,10.9,9.7,11.3,8.4
2024-03-31 11:00:00,12.2,11.6,12.6,10.4
2024-03-31 12:00:00,14.9,13.6,14.9,12.0
2024-03-31 13:00:00,15.4,15.0,15.9,14.3
2024-03-31 14:00:00,16.4,15.8,16.4,15.2
2024-03-31 15:00:00,16.4,16.4,16.8,15.8
2024-03-31 16:00:00,16.7,16.6,16.9,16.3
2024-03-31 17:00:00,16.7,16.6,17.0,16.3
2024-03-31 18:00:00,15.9,16.3,16.7,15.9
2024-03-31 19:00:00,15.0,15.4,15.9,15.0
2024-03-31 20:00:00,14.1,14.6,15.0,14.1
2024-03-31 21:00:00,13.6,13.8,14.1,13.6
2024-03-31 22:00:00,12.6,13.0,13.6,12.4
2024-03-31 23:00:00,11.3,12.0,12.6,11.3
